id,zone,dept,image_type,image_file,before_file,status,submitted_at
64770b1b,DIC Agglo,SP1,before,51.10032026144440.jpg,51.10032026144440.jpg,approved,18-03-2026 10:19:19
198d36a6,DIC Agglo,SP1,before,51.10032026144341.jpg,51.10032026144341.jpg,approved,18-03-2026 10:19:26
13a5ef8d,DIC Agglo,SP1,before,51.10032026144241.jpg,51.10032026144241.jpg,approved,18-03-2026 10:19:33
1f2f0701,DIC Agglo,SP1,before,51.10032026144140.jpg,51.10032026144140.jpg,approved,18-03-2026 10:19:38
9a82e9eb,DIC Agglo,SP1,before,51.10032026144040.jpg,51.10032026144040.jpg,approved,18-03-2026 10:19:42
b94d4726,DIC Agglo,SP1,before,51.10032026143940.jpg,51.10032026143940.jpg,approved,18-03-2026 10:19:46
885c54c5,DIC Agglo,SP1,before,51.10032026143840.jpg,51.10032026143840.jpg,approved,18-03-2026 10:19:52
7fce4fd7,DIC Agglo,SP1,before,51.10032026143640.jpg,51.10032026143640.jpg,approved,18-03-2026 10:20:13
ca3e5553,DIC Agglo,SP1,before,51.10032026143540.jpg,51.10032026143540.jpg,approved,18-03-2026 10:20:24
f0f09ba7,DIC Agglo,SP1,before,51.10032026143440.jpg,51.10032026143440.jpg,approved,18-03-2026 10:20:28
f403e730,DIC Agglo,SP1,before,51.10032026143310.jpg,51.10032026143310.jpg,approved,18-03-2026 10:21:31
b9d00ca4,DIC Agglo,SP1,before,51.10032026143340.jpg,51.10032026143340.jpg,approved,18-03-2026 10:21:35
31da99b1,DIC Agglo,SP1,before,51.10032026143240.jpg,51.10032026143240.jpg,approved,18-03-2026 10:21:38
78bc1058,DIC Agglo,SP1,before,51.10032026142940.jpg,51.10032026142940.jpg,approved,18-03-2026 10:21:48
78efcef9,DIC Agglo,SP1,before,51.10032026142740.jpg,51.10032026142740.jpg,approved,18-03-2026 10:21:54
32d8467f,DIC Agglo,SP1,before,51.10032026142540.jpg,51.10032026142540.jpg,approved,18-03-2026 10:22:00
70f6cafb,DIC Agglo,SP1,before,51.10032026142440.jpg,51.10032026142440.jpg,approved,18-03-2026 10:22:04
4452656d,DIC Agglo,SP1,before,51.10032026142340.jpg,51.10032026142340.jpg,approved,18-03-2026 10:22:18
5e25c1a7,DIC Agglo,SP1,before,51.10032026142140.jpg,51.10032026142140.jpg,approved,18-03-2026 10:22:30
e308e7ef,DIC Agglo,SP1,before,51.10032026142040.jpg,51.10032026142040.jpg,approved,18-03-2026 10:22:48
5be17963,DIC Agglo,SP1,before,51.10032026141940.jpg,51.10032026141940.jpg,approved,18-03-2026 10:22:52
cc651480,DIC Agglo,SP1,before,51.10032026141740.jpg,51.10032026141740.jpg,approved,18-03-2026 10:22:57
828a7373,DIC Agglo,SP1,before,51.10032026141540.jpg,51.10032026141540.jpg,approved,18-03-2026 10:23:03
2f0b95d7,DIC Agglo,SP1,before,1.20022026112502.jpg,1.20022026112502.jpg,approved,18-03-2026 10:23:33
816f9b44,DIC Agglo,SP1,after,1.1.20022026112502.jpg,1.20022026112502.jpg,approved,18-03-2026 10:23:34
0cc603b6,DIC Agglo,SP1,before,51.10032026142240.jpg,51.10032026142240.jpg,approved,18-03-2026 10:23:52
bd958afa,DIC Agglo,SP1,after,51.1.10032026142240.jpg,51.10032026142240.jpg,approved,18-03-2026 10:23:53
e8e67ab8,DIC Agglo,SP1,before,51.10032026143940.jpg,51.10032026143940.jpg,approved,18-03-2026 10:25:32
925d81d9,DIC Agglo,SP1,before,51.10032026143840.jpg,51.10032026143840.jpg,approved,18-03-2026 10:25:36
e0c5b3b7,DIC Agglo,SP1,before,51.10032026143910.jpg,51.10032026143910.jpg,approved,18-03-2026 10:25:42
d408c90d,DIC Agglo,SP1,before,51.10032026143841.jpg,51.10032026143841.jpg,approved,18-03-2026 10:26:10
2891419e,DIC Agglo,SP1,before,51.10032026143510.jpg,51.10032026143510.jpg,approved,18-03-2026 10:26:21
0e836ccc,DIC Agglo,SP1,before,51.10032026143140.jpg,51.10032026143140.jpg,approved,18-03-2026 10:26:34
0cc50262,DIC Agglo,SP1,before,51.10032026143941.jpg,51.10032026143941.jpg,approved,18-03-2026 10:27:49
4486c78b,DIC Agglo,SP1,before,51.10032026143841.jpg,51.10032026143841.jpg,approved,18-03-2026 10:27:51
dcb04eb2,DIC Agglo,SP1,before,51.10032026144240.jpg,51.10032026144240.jpg,approved,18-03-2026 10:30:14
a8267557,DIC Agglo,SP1,before,51.10032026144041.jpg,51.10032026144041.jpg,approved,18-03-2026 10:30:17
4b556223,DIC Agglo,SP1,before,51.10032026142840.jpg,51.10032026142840.jpg,approved,18-03-2026 10:32:44
8d0eaa48,DIC Agglo,SP1,before,51.10032026142640.jpg,51.10032026142640.jpg,approved,18-03-2026 10:32:50
85b399cc,DIC Agglo,SP1,before,51.10032026141840.jpg,51.10032026141840.jpg,approved,18-03-2026 10:33:07
1698c8b1,DIC Agglo,SP1,before,51.10032026141640.jpg,51.10032026141640.jpg,approved,18-03-2026 10:33:13
2af422f2,DIC Agglo,SP1,before,51.10032026141354.jpg,51.10032026141354.jpg,approved,18-03-2026 10:33:18
58da1e30,DIC Agglo,SP1,after,51.1.10032026141354.jpg,51.10032026141354.jpg,approved,18-03-2026 10:33:19
07997a85,DIC Agglo,SP1,before,46.08032026152542.jpg,46.08032026152542.jpg,approved,18-03-2026 10:33:22
d0f1f10a,DIC Agglo,SP1,after,46.1.08032026152542.jpg,46.08032026152542.jpg,approved,18-03-2026 10:33:23
745bf761,DIC Agglo,SP1,before,19.03032026143841.jpg,19.03032026143841.jpg,approved,18-03-2026 10:33:50
cdd482dd,DIC Agglo,SP1,after,19.1.03032026143841.jpg,19.03032026143841.jpg,approved,18-03-2026 10:33:51
5a29bcc5,DIC Agglo,SP1,before,51.10032026144141.jpg,51.10032026144141.jpg,approved,18-03-2026 10:35:19
8cb0e6c4,DIC Agglo,SP1,before,51.10032026143040.jpg,51.10032026143040.jpg,approved,18-03-2026 10:35:43
dffa5613,DIC RMHS,RMHS 5MT & CSP,after,37.1.06032026115417.jpg,37.06032026115417.jpg,approved,18-03-2026 11:46:47
c8bdbf10,DIC Utility,Incinerator area & GP123,before,4.17022026132010.jpg,4.17022026132010.jpg,approved,18-03-2026 12:14:31
c9de967a,DIC Utility,Incinerator area & GP123,after,4.1.17022026132010.jpg,4.17022026132010.jpg,approved,18-03-2026 12:15:12
b9eef851,DIC Utility,Incinerator area & GP123,before,4.17022026132010.jpg,4.17022026132010.jpg,approved,18-03-2026 12:15:24
23ed6110,DIC Utility,Incinerator area & GP123,after,4.1.17022026132010.jpg,4.17022026132010.jpg,approved,18-03-2026 12:15:25
dda563fc,DIC Utility,Incinerator area & GP123,before,3.17022026131743.jpg,3.17022026131743.jpg,approved,18-03-2026 12:15:34
aef40c64,DIC Utility,Incinerator area & GP123,after,3.1.17022026131743.jpg,3.17022026131743.jpg,approved,18-03-2026 12:15:36
18b6dc26,DIC RMHS,RMHS 7&10MT,after,209.1.06032026131109.jpg,209.06032026131109.jpg,approved,18-03-2026 12:31:39
f760ba14,DIC RMHS,RMHS 7&10MT,after,209.1.06032026131109.jpg,209.06032026131109.jpg,approved,18-03-2026 14:31:51
a3dfbfd8,DIC RMHS,RMHS 7&10MT,after,209.1.06032026131109.jpg,209.06032026131109.jpg,approved,18-03-2026 15:59:30
c7211e7e,DIC Iron Making,Coke 3&4 including Coke 1&2 area,before,21.06032026145656.jpg,21.06032026145656.jpg,pending,18-03-2026 17:05:20
3e0b4bf0,DIC Iron Making,Coke 3&4 including Coke 1&2 area,before,5.06032026150226.jpg,5.06032026150226.jpg,rejected,18-03-2026 17:05:55
c02f9484,DIC Iron Making,Coke 3&4 including Coke 1&2 area,before,21.06032026150356.jpg,21.06032026150356.jpg,rejected,18-03-2026 17:06:08
a9981ff9,DIC Iron Making,Coke 3&4 including Coke 1&2 area,before,37.06032026150910.jpg,37.06032026150910.jpg,rejected,18-03-2026 17:06:24
0723d582,DIC Iron Making,Coke 3&4 including Coke 1&2 area,before,68.06032026153918.jpg,68.06032026153918.jpg,rejected,18-03-2026 17:07:04
224f3cdc,DIC Iron Making,Coke 3&4 including Coke 1&2 area,before,68.06032026154018.jpg,68.06032026154018.jpg,rejected,18-03-2026 17:07:13
902ba47b,DIC Iron Making,Coke 3&4 including Coke 1&2 area,before,68.06032026154218.jpg,68.06032026154218.jpg,rejected,18-03-2026 17:07:22
8ae79969,DIC Iron Making,Coke 3&4 including Coke 1&2 area,before,68.06032026154318.jpg,68.06032026154318.jpg,rejected,18-03-2026 17:07:29
1c5e31fe,DIC Iron Making,Coke 3&4 including Coke 1&2 area,before,53.06032026154551.jpg,53.06032026154551.jpg,rejected,18-03-2026 17:07:54
90ed3da9,DIC Iron Making,Coke 3&4 including Coke 1&2 area,before,68.06032026154618.jpg,68.06032026154618.jpg,rejected,18-03-2026 17:07:56
492ec397,DIC Iron Making,IM5MT,before,257.13032026172616.jpg,257.13032026172616.jpg,rejected,18-03-2026 17:29:13
27002d5b,DIC Iron Making,IM5MT,after,257.1.13032026172616.jpg,257.13032026172616.jpg,rejected,18-03-2026 17:29:15
513f84ce,DIC Iron Making,IM5MT,before,257.13032026172245.jpg,257.13032026172245.jpg,rejected,18-03-2026 17:29:19
0441ed80,DIC Iron Making,IM5MT,after,257.1.13032026172245.jpg,257.13032026172245.jpg,rejected,18-03-2026 17:29:20
a3b778ec,DIC Iron Making,IM5MT,before,257.13032026172224.jpg,257.13032026172224.jpg,rejected,18-03-2026 17:29:25
4538704a,DIC Iron Making,IM5MT,after,257.1.13032026172224.jpg,257.13032026172224.jpg,rejected,18-03-2026 17:29:27
8beae71d,DIC Agglo,"PP1, OBP1 & WWP",before,34.09032026122856.jpg,34.09032026122856.jpg,rejected,19-03-2026 01:27:22
061ba8d8,DIC Agglo,"PP1, OBP1 & WWP",before,34.09032026122756.jpg,34.09032026122756.jpg,rejected,19-03-2026 01:27:28
1a105b2d,DIC Agglo,SP1,before,51.10032026143954.jpg,51.10032026143954.jpg,rejected,19-03-2026 17:02:17
34d983bf,DIC Agglo,SP1,before,51.10032026143641.jpg,51.10032026143641.jpg,rejected,19-03-2026 17:03:07
58e84bc9,DIC Agglo,SP1,before,51.10032026143054.jpg,51.10032026143054.jpg,rejected,19-03-2026 17:03:34
52841533,DIC Agglo,SP1,before,51.10032026142941.jpg,51.10032026142941.jpg,rejected,19-03-2026 17:03:40
0d44c9bf,DIC Agglo,SP1,before,51.10032026142741.jpg,51.10032026142741.jpg,rejected,19-03-2026 17:03:49
b4de92b3,DIC Agglo,SP1,before,51.10032026142541.jpg,51.10032026142541.jpg,rejected,19-03-2026 17:03:56
3782942d,DIC Agglo,SP1,before,51.10032026144441.jpg,51.10032026144441.jpg,rejected,19-03-2026 17:07:05
ff29a77e,DIC Agglo,SP1,before,51.10032026143954.jpg,51.10032026143954.jpg,rejected,19-03-2026 17:07:39
01c4a124,DIC Agglo,SP1,before,51.10032026143741.jpg,51.10032026143741.jpg,rejected,19-03-2026 17:08:06
4237b47a,DIC Agglo,SP1,before,51.10032026143641.jpg,51.10032026143641.jpg,rejected,19-03-2026 17:08:42
38b7399f,DIC Agglo,SP1,before,51.10032026143441.jpg,51.10032026143441.jpg,rejected,19-03-2026 17:09:03
51145321,DIC Agglo,SP1,before,51.10032026143054.jpg,51.10032026143054.jpg,rejected,19-03-2026 17:09:24
f49ab07c,DIC Agglo,SP1,before,51.10032026142941.jpg,51.10032026142941.jpg,rejected,19-03-2026 17:09:33
9d37f128,DIC Agglo,SP1,before,51.10032026142610.jpg,51.10032026142610.jpg,rejected,19-03-2026 17:10:24
b8d81403,DIC Agglo,SP1,before,51.10032026142124.jpg,51.10032026142124.jpg,rejected,19-03-2026 17:15:23
a12a4e7d,DIC Agglo,SP1,before,51.10032026142024.jpg,51.10032026142024.jpg,rejected,19-03-2026 17:15:35
c9a9fec4,DIC Agglo,SP1,before,51.10032026141854.jpg,51.10032026141854.jpg,rejected,19-03-2026 17:15:54
957ce5f0,DIC Agglo,SP1,before,51.10032026142124.jpg,51.10032026142124.jpg,rejected,19-03-2026 17:59:36
3de08b04,DIC Agglo,"PP1, OBP1 & WWP",before,34.09032026122756.jpg,34.09032026122756.jpg,rejected,20-03-2026 02:25:41
78ac3fdb,DIC Agglo,"PP1, OBP1 & WWP",before,34.09032026122856.jpg,34.09032026122856.jpg,rejected,20-03-2026 02:25:45
1cd02b23,DIC RMHS,RMHS 5MT & CSP,before,72.06032026122806.jpg,72.06032026122806.jpg,rejected,20-03-2026 09:02:51
2dee9cd6,DIC Iron Making,Coke 3&4 including Coke 1&2 area,before,53.06032026154551.jpg,53.06032026154551.jpg,pending,20-03-2026 09:52:17
040c35f0,DIC Iron Making,Coke 3&4 including Coke 1&2 area,before,68.06032026154618.jpg,68.06032026154618.jpg,pending,20-03-2026 09:52:23
29cac6aa,DIC Iron Making,Coke 3&4 including Coke 1&2 area,before,5.06032026150026.jpg,5.06032026150026.jpg,pending,20-03-2026 09:58:09
fab080ce,DIC Mill,HSM2 & CTL,before,112.13032026161725.jpg,112.13032026161725.jpg,approved,20-03-2026 10:26:32
2c7654d6,DIC Mill,HSM2 & CTL,after,112.1.13032026161725.jpg,112.13032026161725.jpg,approved,20-03-2026 10:26:35
3b500794,DIC Agglo,OBP2,before,2.09032026123816.jpg,2.09032026123816.jpg,pending,20-03-2026 16:46:15
6be55f83,DIC Steel,SMS1,after,1.1.06032026151855.jpg,1.06032026151855.jpg,pending,20-03-2026 20:00:01
a9bb9fee,DIC Agglo,SP1,before,51.10032026143610.jpg,51.10032026143610.jpg,pending,21-03-2026 12:30:19
a30ccf75,DIC Agglo,SP1,before,51.10032026144441.jpg,51.10032026144441.jpg,pending,21-03-2026 12:30:47
7d649413,DIC Agglo,SP1,before,51.10032026144340.jpg,51.10032026144340.jpg,pending,21-03-2026 12:30:55
b856231a,DIC Agglo,SP1,before,51.10032026144310.jpg,51.10032026144310.jpg,pending,21-03-2026 12:31:02
803f79a6,DIC Agglo,SP1,before,51.10032026143641.jpg,51.10032026143641.jpg,pending,21-03-2026 12:31:20
2434aa92,DIC Agglo,SP1,before,51.10032026143441.jpg,51.10032026143441.jpg,pending,21-03-2026 12:31:32
ef40a4c5,DIC Agglo,SP1,before,51.10032026143141.jpg,51.10032026143141.jpg,pending,21-03-2026 12:31:59
583f1ba1,DIC Agglo,SP1,before,51.10032026143141.jpg,51.10032026143141.jpg,pending,21-03-2026 12:32:01
072b387f,DIC Agglo,SP1,before,51.10032026143141.jpg,51.10032026143141.jpg,pending,21-03-2026 12:32:05
5e8fed61,DIC Agglo,SP1,before,51.10032026142810.jpg,51.10032026142810.jpg,pending,21-03-2026 12:32:36
c5ef9d81,DIC Agglo,SP1,before,51.10032026142710.jpg,51.10032026142710.jpg,pending,21-03-2026 12:32:48
8bd888b2,DIC Agglo,SP1,before,51.10032026142341.jpg,51.10032026142341.jpg,pending,21-03-2026 12:33:05
d933be0d,DIC Agglo,SP1,before,51.10032026142210.jpg,51.10032026142210.jpg,pending,21-03-2026 12:33:40
0cf26122,DIC Agglo,SP1,before,51.10032026142154.jpg,51.10032026142154.jpg,pending,21-03-2026 12:33:59
b2f54011,DIC Agglo,SP1,before,51.10032026142110.jpg,51.10032026142110.jpg,pending,21-03-2026 12:34:04
55c0f93d,DIC Agglo,SP1,before,51.10032026142054.jpg,51.10032026142054.jpg,pending,21-03-2026 12:34:09
b1c03bfd,DIC Agglo,SP1,before,51.10032026141954.jpg,51.10032026141954.jpg,pending,21-03-2026 12:34:34
c0214453,DIC Agglo,"PP1, OBP1 & WWP",before,34.09032026122856.jpg,34.09032026122856.jpg,pending,22-03-2026 09:35:32
2a35d63b,DIC Agglo,"PP1, OBP1 & WWP",before,34.09032026122756.jpg,34.09032026122756.jpg,pending,22-03-2026 09:35:34
dd8ce128,DIC Iron Making,Coke-5,before,1.10022026123211.jpg,1.10022026123211.jpg,approved,23-03-2026 09:28:47
6f3785bb,DIC Iron Making,Coke-5,after,1.1.10022026123211.jpg,1.10022026123211.jpg,approved,23-03-2026 09:28:48
eeadeb03,DIC Utility,Incinerator area & GP123,before,2.17022026131401.jpg,2.17022026131401.jpg,pending,23-03-2026 11:45:13
e6826ebd,DIC Utility,Incinerator area & GP123,after,2.1.17022026131401.jpg,2.17022026131401.jpg,pending,23-03-2026 11:45:16
2ececb0d,DIC Utility,Incinerator area & GP123,before,1.17022026130607.jpg,1.17022026130607.jpg,pending,23-03-2026 11:45:19
e548b52d,DIC Utility,Incinerator area & GP123,after,1.1.17022026130607.jpg,1.17022026130607.jpg,pending,23-03-2026 11:45:20
5c944ad6,DIC Utility,Incinerator area & GP123,before,2.17022026131401.jpg,2.17022026131401.jpg,pending,23-03-2026 12:31:11
10baaadd,DIC Utility,Incinerator area & GP123,after,2.1.17022026131401.jpg,2.17022026131401.jpg,approved,23-03-2026 12:31:12
28333aff,DIC Utility,Incinerator area & GP123,before,1.17022026130607.jpg,1.17022026130607.jpg,pending,23-03-2026 12:31:14
77d86076,DIC Utility,Incinerator area & GP123,after,1.1.17022026130607.jpg,1.17022026130607.jpg,approved,23-03-2026 12:31:14
34d4fed4,Support Teams,HR,after,1.1.23032026123145.jpg,1.23032026123145.jpg,approved,23-03-2026 12:33:15
b57508c2,Support Teams,HR,before,1.23032026123145.jpg,1.23032026123145.jpg,approved,23-03-2026 12:33:17
6a5f9b80,DIC Utility,Incinerator area & GP123,before,2.17022026131401.jpg,2.17022026131401.jpg,approved,23-03-2026 17:32:22
f53a6875,DIC Utility,Incinerator area & GP123,after,2.1.17022026131401.jpg,2.17022026131401.jpg,approved,23-03-2026 17:32:23
3cd95632,DIC Utility,Incinerator area & GP123,after,1.1.17022026130607.jpg,1.17022026130607.jpg,approved,23-03-2026 17:32:24
8f503ded,DIC Utility,Incinerator area & GP123,before,1.17022026130607.jpg,1.17022026130607.jpg,approved,23-03-2026 17:32:25
c1af5163,DIC Utility,Incinerator area & GP123,before,2.17022026131401.jpg,2.17022026131401.jpg,pending,24-03-2026 11:10:51
0627e685,DIC Utility,Incinerator area & GP123,after,5.1.20022026144625.jpg,5.20022026144625.jpg,approved,24-03-2026 12:23:52
17b7ba9c,DIC Utility,Incinerator area & GP123,before,5.20022026144625.jpg,5.20022026144625.jpg,approved,24-03-2026 12:23:53
8f66e0e6,DIC Utility,Incinerator area & GP123,before,5.20022026144621.jpg,5.20022026144621.jpg,approved,24-03-2026 12:23:55
922bbeae,DIC Utility,Incinerator area & GP123,after,5.1.20022026144621.jpg,5.20022026144621.jpg,approved,24-03-2026 12:23:56
454cf7eb,DIC Mill,HSM1,before,3.14022026181647.jpg,3.14022026181647.jpg,pending,24-03-2026 18:43:24
c9719e42,DIC Agglo,OBP2,after,67.1.24032026163614.jpg,67.24032026163614.jpg,pending,26-03-2026 15:29:08
71b4c5d5,DIC Agglo,OBP2,after,67.1.24032026163814.jpg,67.24032026163814.jpg,pending,26-03-2026 15:31:39
8ff10735,DIC Agglo,OBP2,after,67.1.24032026163914.jpg,67.24032026163914.jpg,pending,26-03-2026 15:31:58
a8fed3e6,DIC Agglo,OBP2,after,67.1.24032026170705.jpg,67.24032026170705.jpg,pending,26-03-2026 15:32:27
a5cab415,DIC Agglo,OBP2,after,67.1.24032026172329.jpg,67.24032026172329.jpg,pending,26-03-2026 15:33:50
22bbb1e4,DIC Agglo,OBP2,after,67.1.25032026120653.jpg,67.25032026120653.jpg,pending,26-03-2026 15:35:16
ce68ad3e,DIC Agglo,OBP2,after,67.1.25032026122507.jpg,67.25032026122507.jpg,pending,26-03-2026 15:35:49
c0127741,DIC Agglo,OBP2,after,67.1.25032026124240.jpg,67.25032026124240.jpg,pending,26-03-2026 15:36:54
26b53253,DIC RMHS,RMHS Base mix and Energy Yard,before,58.07032026173117.jpg,58.07032026173117.jpg,pending,27-03-2026 11:06:00
44f784b1,DIC RMHS,RMHS Base mix and Energy Yard,after,58.1.07032026173117.jpg,58.07032026173117.jpg,pending,27-03-2026 11:06:01
1a9e0d37,DIC Mill,CRM2,after,14.1.14032026102552.jpg,14.14032026102552.jpg,pending,28-03-2026 10:42:48
372c346d,DIC Mill,CRM2,before,14.14032026102552.jpg,14.14032026102552.jpg,pending,28-03-2026 10:42:52
3e504038,DIC Mill,CRM2,after,14.1.13032026120851.jpg,14.13032026120851.jpg,pending,28-03-2026 10:43:01
6d97e1c3,DIC Mill,CRM2,before,14.13032026120851.jpg,14.13032026120851.jpg,pending,28-03-2026 10:43:02
0557384a,DIC Mill,CRM2,after,14.1.13032026115430.jpg,14.13032026115430.jpg,pending,28-03-2026 10:43:07
461f09e6,DIC Mill,CRM2,before,14.13032026115430.jpg,14.13032026115430.jpg,pending,28-03-2026 10:43:08
0066da36,DIC Mill,CRM2,after,14.1.13032026115342.jpg,14.13032026115342.jpg,pending,28-03-2026 10:43:14
2981ddd1,DIC Mill,CRM2,before,14.13032026115342.jpg,14.13032026115342.jpg,pending,28-03-2026 10:43:15
383e7d8c,DIC Mill,CRM2,after,14.1.26032026150529.jpg,14.26032026150529.jpg,pending,28-03-2026 10:43:47
b80fcb0e,DIC Mill,CRM2,before,14.26032026150529.jpg,14.26032026150529.jpg,pending,28-03-2026 10:43:48
8f520f0b,DIC Mill,CRM2,after,14.1.14032026121455.jpg,14.14032026121455.jpg,pending,28-03-2026 10:44:03
fae58bb0,DIC Mill,CRM2,before,14.14032026121455.jpg,14.14032026121455.jpg,pending,28-03-2026 10:44:04
2318094d,DIC Mill,CRM2,after,14.1.26032026150529.jpg,14.26032026150529.jpg,pending,28-03-2026 15:23:39
59e45196,DIC Mill,CRM2,before,14.26032026150529.jpg,14.26032026150529.jpg,pending,28-03-2026 15:23:41
0fa2bdf8,DIC Mill,CRM2,after,14.1.14032026121455.jpg,14.14032026121455.jpg,pending,28-03-2026 15:23:47
752d5c88,DIC Mill,CRM2,before,14.14032026121455.jpg,14.14032026121455.jpg,pending,28-03-2026 15:23:48
0c41a56e,DIC Mill,CRM2,after,14.1.13032026120851.jpg,14.13032026120851.jpg,pending,28-03-2026 15:23:56
5482a5bf,DIC Mill,CRM2,before,14.13032026120851.jpg,14.13032026120851.jpg,pending,28-03-2026 15:23:57
25769ff3,DIC Mill,CRM2,before,14.26032026150529.jpg,14.26032026150529.jpg,pending,28-03-2026 15:31:16
74b5cf02,DIC Mill,CRM2,after,14.1.26032026150529.jpg,14.26032026150529.jpg,pending,28-03-2026 15:31:18
ebf01046,DIC Mill,HSM1,after,5.1.27022026120609.jpg,5.27022026120609.jpg,pending,30-03-2026 09:17:02
0012ab7f,DIC Mill,HSM1,before,5.27022026120609.jpg,5.27022026120609.jpg,pending,30-03-2026 09:17:04
6a5ea37f,DIC Mill,HSM1,after,5.1.27022026120430.jpg,5.27022026120430.jpg,pending,30-03-2026 09:17:13
f771bbd1,DIC Mill,HSM1,before,5.27022026120430.jpg,5.27022026120430.jpg,pending,30-03-2026 09:17:14
70c972fd,DIC Mill,HSM1,after,5.1.27022026120428.jpg,5.27022026120428.jpg,pending,30-03-2026 09:17:20
e5a3de4e,DIC Mill,HSM1,before,5.27022026120428.jpg,5.27022026120428.jpg,pending,30-03-2026 09:17:21
e302ebf5,DIC Mill,HSM1,after,5.1.27022026120427.jpg,5.27022026120427.jpg,pending,30-03-2026 09:17:26
466ae63d,DIC Mill,HSM1,before,5.27022026120427.jpg,5.27022026120427.jpg,pending,30-03-2026 09:17:27
877cd4e8,DIC Mill,HSM1,after,5.1.27022026115956.jpg,5.27022026115956.jpg,pending,30-03-2026 09:17:32
a63b540f,DIC Mill,HSM1,before,5.27022026115956.jpg,5.27022026115956.jpg,pending,30-03-2026 09:17:33
fb426f4f,DIC Mill,CRM2,after,14.1.26032026150529.jpg,14.26032026150529.jpg,pending,30-03-2026 09:59:54
661c2706,DIC Mill,CRM2,before,14.26032026150529.jpg,14.26032026150529.jpg,pending,30-03-2026 09:59:56
2969e29e,DIC Mill,CRM2,after,14.1.14032026121455.jpg,14.14032026121455.jpg,pending,30-03-2026 10:00:00
2960fbfa,DIC Mill,CRM2,before,14.14032026121455.jpg,14.14032026121455.jpg,pending,30-03-2026 10:00:01
e6bf6847,DIC Mill,CRM2,after,14.1.13032026120851.jpg,14.13032026120851.jpg,pending,30-03-2026 10:00:08
70d2eb0a,DIC Mill,CRM2,before,14.13032026120851.jpg,14.13032026120851.jpg,pending,30-03-2026 10:00:09
0268900c,DIC Mill,CRM2,before,14.13032026120756.jpg,14.13032026120756.jpg,approved,30-03-2026 16:06:46
d8c5634f,DIC Mill,CRM2,before,14.13032026120756.jpg,14.13032026120756.jpg,approved,30-03-2026 16:06:49
63b36695,DIC Mill,CRM2,before,14.13032026120756.jpg,14.13032026120756.jpg,approved,30-03-2026 16:06:51
5e61775c,DIC Steel,SMS4,after,23.1.07032026170520.jpg,23.07032026170520.jpg,approved,04-04-2026 17:48:29
d5989d5c,DIC Steel,SMS4,after,23.1.07032026170515.jpg,23.07032026170515.jpg,approved,04-04-2026 17:48:32
bcc170e1,DIC Steel,SMS4,after,23.1.07032026165915.jpg,23.07032026165915.jpg,approved,04-04-2026 17:48:38
a561edbf,DIC Steel,SMS4,after,23.1.07032026165815.jpg,23.07032026165815.jpg,approved,04-04-2026 17:48:41
be81304f,DIC Steel,SMS4,after,23.1.07032026165715.jpg,23.07032026165715.jpg,approved,04-04-2026 17:48:44
d2186020,DIC Steel,SMS4,after,23.1.07032026165425.jpg,23.07032026165425.jpg,approved,04-04-2026 17:48:48
ebb3ff15,DIC Steel,SMS4,after,23.1.07032026165120.jpg,23.07032026165120.jpg,approved,04-04-2026 17:48:51
fbfbde09,DIC Steel,SMS4,after,23.1.07032026165020.jpg,23.07032026165020.jpg,approved,04-04-2026 17:48:55
36e29ea1,DIC Steel,SMS4,after,23.1.07032026165015.jpg,23.07032026165015.jpg,approved,04-04-2026 17:48:56
f8f76718,DIC Steel,SMS4,after,23.1.07032026164820.jpg,23.07032026164820.jpg,approved,04-04-2026 17:48:59
8d3deb6c,DIC Steel,SMS4,after,23.1.07032026164715.jpg,23.07032026164715.jpg,approved,04-04-2026 17:49:01
b7899b04,DIC Steel,SMS4,after,23.1.07032026164620.jpg,23.07032026164620.jpg,approved,04-04-2026 17:49:04
acc8a3f0,DIC Steel,SMS4,after,23.1.07032026164515.jpg,23.07032026164515.jpg,approved,04-04-2026 17:49:07
9112590b,DIC Steel,SMS4,after,23.1.07032026164420.jpg,23.07032026164420.jpg,approved,04-04-2026 17:49:08
3c6e23c0,DIC Steel,SMS4,after,23.1.07032026164320.jpg,23.07032026164320.jpg,approved,04-04-2026 17:49:10
f9d4e822,DIC Steel,SMS4,after,23.1.07032026164315.jpg,23.07032026164315.jpg,approved,04-04-2026 17:49:12
928e11f5,DIC Steel,SMS4,after,23.1.07032026164220.jpg,23.07032026164220.jpg,approved,04-04-2026 17:49:15
e107c976,DIC Steel,SMS4,after,23.1.07032026164120.jpg,23.07032026164120.jpg,approved,04-04-2026 17:49:17
7e38e676,DIC Steel,SMS4,after,23.1.07032026164020.jpg,23.07032026164020.jpg,approved,04-04-2026 17:49:20
16344855,DIC Steel,SMS4,after,23.1.07032026163920.jpg,23.07032026163920.jpg,approved,04-04-2026 17:49:21
d62c8829,DIC Steel,SMS4,after,23.1.07032026163820.jpg,23.07032026163820.jpg,approved,04-04-2026 17:49:23
41bcfb33,DIC Steel,SMS4,after,1.1.04032026111647.jpg,1.04032026111647.jpg,rejected,04-04-2026 17:49:24
0211a810,DIC Steel,"LCP1,2,3,4&5",before,1.07032026170826.jpg,1.07032026170826.jpg,approved,06-04-2026 17:03:05
7ce2a271,DIC Steel,SMS4,before,108.03042026173313.jpg,108.03042026173313.jpg,approved,07-04-2026 15:15:53
716be6b3,DIC Steel,SMS4,before,108.03042026173313.jpg,108.03042026173313.jpg,approved,07-04-2026 15:15:57
8691ed70,DIC Steel,SMS4,before,108.03042026165501.jpg,108.03042026165501.jpg,approved,07-04-2026 15:26:50
8e5a94fa,DIC Steel,SMS4,after,108.1.03042026165501.jpg,108.03042026165501.jpg,approved,07-04-2026 15:26:52
97033a1c,DIC Steel,SMS4,before,108.03042026170018.jpg,108.03042026170018.jpg,approved,07-04-2026 15:27:00
ff9c5997,DIC Steel,SMS4,after,108.1.03042026170018.jpg,108.03042026170018.jpg,approved,07-04-2026 15:27:01
cb1c1cbb,DIC Agglo,SP2345,before,240.14032026124820.jpg,240.14032026124820.jpg,approved,09-04-2026 12:36:46
ba9db2c2,DIC Agglo,SP2345,after,240.1.14032026124820.jpg,240.14032026124820.jpg,pending,09-04-2026 12:36:47
c338cdf1,Logistics,Logistics,after,1.1.17032026153610.jpg,1.17032026153610.jpg,pending,13-04-2026 19:28:37
4a68627a,Logistics,Logistics,after,1.1.17032026153610.jpg,1.17032026153610.jpg,approved,13-04-2026 19:28:40
0c20dfc6,Logistics,Logistics,after,1.1.17032026153610.jpg,1.17032026153610.jpg,approved,13-04-2026 19:28:41
02e50e0d,Logistics,Logistics,before,1.17032026153610.jpg,1.17032026153610.jpg,approved,13-04-2026 19:28:51
c4281ff3,DIC Steel,"LCP1,2,3,4&5",before,172.13042026183816.jpg,172.13042026183816.jpg,approved,15-04-2026 13:09:18
6dc146e9,DIC Steel,"LCP1,2,3,4&5",before,172.13042026183804.jpg,172.13042026183804.jpg,approved,15-04-2026 13:09:19
2159f5d7,DIC Steel,"LCP1,2,3,4&5",before,172.13042026183757.jpg,172.13042026183757.jpg,approved,15-04-2026 13:11:17
8391fc04,DIC Steel,"LCP1,2,3,4&5",before,172.13042026183804.jpg,172.13042026183804.jpg,approved,15-04-2026 13:11:19
743fe61e,DIC Steel,"LCP1,2,3,4&5",before,172.13042026183716.jpg,172.13042026183716.jpg,approved,15-04-2026 14:33:29
42848e7a,DIC Steel,"LCP1,2,3,4&5",before,172.13042026183704.jpg,172.13042026183704.jpg,approved,15-04-2026 14:33:31
3d5ab08e,DIC Steel,"LCP1,2,3,4&5",before,172.13042026183616.jpg,172.13042026183616.jpg,approved,15-04-2026 14:33:34
00735b69,DIC Steel,"LCP1,2,3,4&5",before,172.13042026183604.jpg,172.13042026183604.jpg,approved,15-04-2026 14:33:35
6fe83c1b,DIC Steel,"LCP1,2,3,4&5",before,172.13042026183516.jpg,172.13042026183516.jpg,approved,15-04-2026 14:33:38
d7723a93,DIC Steel,"LCP1,2,3,4&5",before,172.13042026183504.jpg,172.13042026183504.jpg,approved,15-04-2026 14:33:40
4596cad1,DIC Steel,"LCP1,2,3,4&5",before,172.13042026183416.jpg,172.13042026183416.jpg,approved,15-04-2026 14:33:45
6546ccaf,DIC Steel,"LCP1,2,3,4&5",before,172.13042026183404.jpg,172.13042026183404.jpg,approved,15-04-2026 14:33:46
f5e70922,DIC Steel,"LCP1,2,3,4&5",before,172.13042026183316.jpg,172.13042026183316.jpg,approved,15-04-2026 14:33:48
137dd3ba,DIC Steel,"LCP1,2,3,4&5",before,172.13042026183304.jpg,172.13042026183304.jpg,approved,15-04-2026 14:33:50
3552952e,DIC Steel,"LCP1,2,3,4&5",before,172.13042026183204.jpg,172.13042026183204.jpg,approved,15-04-2026 14:33:53
4877f388,DIC Steel,"LCP1,2,3,4&5",before,172.13042026183216.jpg,172.13042026183216.jpg,approved,15-04-2026 14:33:54
1ce8f01f,DIC Steel,"LCP1,2,3,4&5",before,172.13042026183116.jpg,172.13042026183116.jpg,approved,15-04-2026 14:33:56
48e57ba1,DIC Steel,"LCP1,2,3,4&5",before,172.13042026183104.jpg,172.13042026183104.jpg,approved,15-04-2026 14:33:57
c2cfb90c,DIC Steel,"LCP1,2,3,4&5",before,172.13042026183016.jpg,172.13042026183016.jpg,approved,15-04-2026 14:34:19
7cbe7553,DIC Steel,"LCP1,2,3,4&5",before,172.13042026183004.jpg,172.13042026183004.jpg,approved,15-04-2026 14:34:20
30c24b32,DIC Steel,"LCP1,2,3,4&5",before,172.13042026182916.jpg,172.13042026182916.jpg,approved,15-04-2026 14:34:23
c95dbd72,DIC Steel,"LCP1,2,3,4&5",before,172.13042026182904.jpg,172.13042026182904.jpg,approved,15-04-2026 14:34:25
4a26cc60,DIC Steel,"LCP1,2,3,4&5",before,172.13042026182816.jpg,172.13042026182816.jpg,approved,15-04-2026 14:34:31
01b53158,DIC Steel,"LCP1,2,3,4&5",before,172.13042026182804.jpg,172.13042026182804.jpg,approved,15-04-2026 14:34:32
807f7c6f,DIC Steel,"LCP1,2,3,4&5",before,172.13042026182716.jpg,172.13042026182716.jpg,approved,15-04-2026 14:34:36
0a1124fe,DIC Steel,"LCP1,2,3,4&5",before,172.13042026182704.jpg,172.13042026182704.jpg,approved,15-04-2026 14:34:38
81ccf1a6,DIC Steel,"LCP1,2,3,4&5",before,172.13042026182616.jpg,172.13042026182616.jpg,approved,15-04-2026 14:34:41
ba28d32d,DIC Steel,"LCP1,2,3,4&5",before,172.13042026182604.jpg,172.13042026182604.jpg,approved,15-04-2026 14:34:42
fcdb4424,DIC Steel,"LCP1,2,3,4&5",before,172.13042026182516.jpg,172.13042026182516.jpg,approved,15-04-2026 14:34:56
57103e5d,DIC Steel,"LCP1,2,3,4&5",before,172.13042026182504.jpg,172.13042026182504.jpg,approved,15-04-2026 14:34:57
4bfb83b1,DIC Steel,"LCP1,2,3,4&5",before,172.13042026182416.jpg,172.13042026182416.jpg,approved,15-04-2026 14:35:00
bc348596,DIC Steel,"LCP1,2,3,4&5",before,172.13042026182404.jpg,172.13042026182404.jpg,approved,15-04-2026 14:35:02
aa2e3722,DIC Steel,"LCP1,2,3,4&5",before,172.13042026182316.jpg,172.13042026182316.jpg,approved,15-04-2026 14:35:05
805eb124,DIC Steel,"LCP1,2,3,4&5",before,172.13042026182304.jpg,172.13042026182304.jpg,approved,15-04-2026 14:35:06
58c54fe3,DIC Steel,"LCP1,2,3,4&5",before,172.13042026182216.jpg,172.13042026182216.jpg,approved,15-04-2026 14:35:09
1ba38b3f,DIC Steel,"LCP1,2,3,4&5",before,172.13042026182204.jpg,172.13042026182204.jpg,approved,15-04-2026 14:35:10
39e3c2cb,DIC Steel,"LCP1,2,3,4&5",before,172.13042026182116.jpg,172.13042026182116.jpg,approved,15-04-2026 14:35:13
a883514c,DIC Steel,"LCP1,2,3,4&5",before,172.13042026182104.jpg,172.13042026182104.jpg,approved,15-04-2026 14:35:15
b6fe628e,DIC Steel,"LCP1,2,3,4&5",before,172.13042026182016.jpg,172.13042026182016.jpg,approved,15-04-2026 14:35:18
1f678859,DIC Steel,"LCP1,2,3,4&5",before,172.13042026182004.jpg,172.13042026182004.jpg,approved,15-04-2026 14:35:20
9bce314e,DIC Steel,"LCP1,2,3,4&5",before,172.13042026181916.jpg,172.13042026181916.jpg,approved,15-04-2026 14:35:22
4d4dd1c4,DIC Steel,"LCP1,2,3,4&5",before,172.13042026181904.jpg,172.13042026181904.jpg,approved,15-04-2026 14:35:23
ab902c20,DIC Steel,"LCP1,2,3,4&5",before,172.13042026181816.jpg,172.13042026181816.jpg,approved,15-04-2026 14:35:27
504ea0fb,DIC Steel,"LCP1,2,3,4&5",before,172.13042026181804.jpg,172.13042026181804.jpg,approved,15-04-2026 14:35:28
8cf80bf8,DIC Steel,"LCP1,2,3,4&5",before,172.13042026181716.jpg,172.13042026181716.jpg,approved,15-04-2026 14:35:32
19404381,DIC Steel,"LCP1,2,3,4&5",before,172.13042026181704.jpg,172.13042026181704.jpg,approved,15-04-2026 14:35:33
8412b29a,DIC Steel,"LCP1,2,3,4&5",before,172.13042026181616.jpg,172.13042026181616.jpg,approved,15-04-2026 14:35:39
58d0d56f,DIC Steel,"LCP1,2,3,4&5",before,172.13042026181604.jpg,172.13042026181604.jpg,approved,15-04-2026 14:35:40
c83c3e76,DIC Steel,"LCP1,2,3,4&5",before,172.13042026181516.jpg,172.13042026181516.jpg,approved,15-04-2026 14:35:43
ed6d6518,DIC Steel,"LCP1,2,3,4&5",before,172.13042026181504.jpg,172.13042026181504.jpg,approved,15-04-2026 14:35:44
a9bd13de,DIC Steel,"LCP1,2,3,4&5",before,172.13042026181416.jpg,172.13042026181416.jpg,approved,15-04-2026 14:35:48
a2cfea96,DIC Steel,"LCP1,2,3,4&5",before,172.13042026181404.jpg,172.13042026181404.jpg,approved,15-04-2026 14:35:49
2fdd1513,DIC Steel,"LCP1,2,3,4&5",before,172.13042026181316.jpg,172.13042026181316.jpg,approved,15-04-2026 14:35:52
16fa44c0,DIC Steel,"LCP1,2,3,4&5",before,172.13042026181304.jpg,172.13042026181304.jpg,approved,15-04-2026 14:35:54
11549c78,DIC Steel,"LCP1,2,3,4&5",before,172.13042026181216.jpg,172.13042026181216.jpg,approved,15-04-2026 14:35:56
10dbea69,DIC Steel,"LCP1,2,3,4&5",before,172.13042026181204.jpg,172.13042026181204.jpg,approved,15-04-2026 14:35:58
5d44f52c,DIC Steel,"LCP1,2,3,4&5",before,172.13042026181116.jpg,172.13042026181116.jpg,approved,15-04-2026 14:36:00
40247445,DIC Steel,"LCP1,2,3,4&5",before,172.13042026181104.jpg,172.13042026181104.jpg,approved,15-04-2026 14:36:01
0160ef59,DIC Steel,"LCP1,2,3,4&5",before,172.13042026181016.jpg,172.13042026181016.jpg,approved,15-04-2026 14:36:04
fa1a5b2b,DIC Steel,"LCP1,2,3,4&5",before,172.13042026181004.jpg,172.13042026181004.jpg,approved,15-04-2026 14:36:05
fd6f3d32,DIC Steel,"LCP1,2,3,4&5",before,172.13042026180916.jpg,172.13042026180916.jpg,approved,15-04-2026 14:36:07
ee35a0d1,DIC Steel,"LCP1,2,3,4&5",before,172.13042026180904.jpg,172.13042026180904.jpg,approved,15-04-2026 14:36:08
d98faa8c,DIC Steel,SMS4,after,108.1.03042026170018.jpg,108.03042026170018.jpg,approved,16-04-2026 16:16:44
95891f48,DIC Steel,SMS4,before,108.03042026170018.jpg,108.03042026170018.jpg,approved,16-04-2026 16:16:50
0a425aea,DIC Steel,SMS4,after,108.1.03042026165501.jpg,108.03042026165501.jpg,approved,16-04-2026 16:16:55
88ed10e0,DIC Steel,SMS4,before,108.03042026165501.jpg,108.03042026165501.jpg,approved,16-04-2026 16:16:56
1a31058b,DIC Steel,DRI,after,1.1.06032026131547.jpg,1.06032026131547.jpg,approved,17-04-2026 12:14:58
3635b182,DIC RMHS,RMHS 5MT & CSP,before,224.10042026171401.jpg,224.10042026171401.jpg,pending,20-04-2026 11:09:35
5800b395,DIC RMHS,RMHS 5MT & CSP,before,224.10042026171301.jpg,224.10042026171301.jpg,pending,20-04-2026 11:09:42
4393afb4,DIC RMHS,RMHS 5MT & CSP,before,224.10042026171141.jpg,224.10042026171141.jpg,approved,20-04-2026 11:09:45
55cd2208,DIC RMHS,RMHS 5MT & CSP,before,224.10042026171041.jpg,224.10042026171041.jpg,approved,20-04-2026 11:09:50
e973611a,DIC RMHS,RMHS 5MT & CSP,before,224.10042026170941.jpg,224.10042026170941.jpg,approved,20-04-2026 11:09:52
5fa7ad6c,DIC RMHS,RMHS 5MT & CSP,before,224.10042026170841.jpg,224.10042026170841.jpg,approved,20-04-2026 11:09:54
eb35409e,DIC Agglo,SP1,after,143.1.10042026181252.jpg,143.10042026181252.jpg,approved,20-04-2026 11:12:13
d46eabf2,DIC Agglo,SP1,after,143.1.10042026181000.jpg,143.10042026181000.jpg,approved,20-04-2026 11:12:22
86829c6d,DIC Agglo,SP1,after,143.1.10042026182000.jpg,143.10042026182000.jpg,approved,20-04-2026 11:13:48
c4320d22,DIC Utility,MSDS and Switch Yard & Utilities,before,1.22042026114711.jpg,1.22042026114711.jpg,pending,22-04-2026 16:03:53
6cf44aa2,DIC Utility,MSDS and Switch Yard & Utilities,after,1.1.22042026114711.jpg,1.22042026114711.jpg,pending,22-04-2026 16:03:56
4137a808,DIC Utility,MSDS and Switch Yard & Utilities,before,1.22042026114711.jpg,1.22042026114711.jpg,pending,22-04-2026 16:05:26
b54f7841,DIC Utility,MSDS and Switch Yard & Utilities,after,1.1.22042026114711.jpg,1.22042026114711.jpg,pending,22-04-2026 16:05:29
db3f1646,DIC Utility,MSDS and Switch Yard & Utilities,before,1.22042026114711.jpg,1.22042026114711.jpg,pending,23-04-2026 09:37:36
0db7845f,DIC Utility,MSDS and Switch Yard & Utilities,after,1.1.22042026114711.jpg,1.22042026114711.jpg,pending,23-04-2026 09:37:38
33874e85,DIC Mill,CRM2,after,14.1.26032026150529.jpg,14.26032026150529.jpg,pending,25-04-2026 11:08:10
d0876581,DIC Mill,CRM2,before,14.26032026150529.jpg,14.26032026150529.jpg,pending,25-04-2026 11:08:13
4c37bbb7,DIC Mill,CRM2,after,14.1.14032026121455.jpg,14.14032026121455.jpg,pending,25-04-2026 11:08:18
34a18eb6,DIC Mill,CRM2,before,14.14032026121455.jpg,14.14032026121455.jpg,pending,25-04-2026 11:08:19
3580e5a6,DIC RMHS,RMHS 5MT & CSP,after,185.1.12032026101549.jpg,185.12032026101549.jpg,pending,27-04-2026 15:56:22
d6100df8,DIC Mill,HSM-3,before,1.30042026161340.jpg,1.30042026161340.jpg,pending,08-05-2026 16:20:32
57018f76,DIC Mill,HSM-3,before,1.30042026161340.jpg,1.30042026161340.jpg,pending,08-05-2026 16:20:33
3ea0fdc2,DIC Mill,HSM-3,after,1.1.30042026161340.jpg,1.30042026161340.jpg,pending,08-05-2026 16:29:32
2d2bccc2,DIC Mill,HSM-3,before,1.30042026161340.jpg,1.30042026161340.jpg,pending,08-05-2026 16:30:23
83bab811,DIC Mill,HSM-3,before,1.30042026161340.jpg,1.30042026161340.jpg,pending,08-05-2026 16:30:33
2706ed0a,DIC Mill,HSM-3,before,1.30042026161340.jpg,1.30042026161340.jpg,pending,08-05-2026 16:30:33
fc3c7f0e,DIC Mill,HSM-3,before,1.30042026161340.jpg,1.30042026161340.jpg,pending,08-05-2026 16:30:34
dd4172c5,DIC Mill,HSM-3,before,1.30042026161340.jpg,1.30042026161340.jpg,pending,08-05-2026 16:30:34
5a0a297c,DIC Mill,HSM-3,before,1.30042026161340.jpg,1.30042026161340.jpg,pending,08-05-2026 16:30:34
7a20bfc7,DIC Mill,HSM-3,before,1.30042026161340.jpg,1.30042026161340.jpg,pending,08-05-2026 16:30:34
e86a09aa,DIC Mill,HSM-3,before,1.30042026161340.jpg,1.30042026161340.jpg,pending,08-05-2026 16:30:35
3b9dea5e,DIC Mill,HSM2 & CTL,before,164.07052026114825.jpg,164.07052026114825.jpg,pending,14-05-2026 15:04:11
e8783480,DIC Mill,HSM2 & CTL,after,164.1.07052026114825.jpg,164.07052026114825.jpg,pending,14-05-2026 15:04:13
086c7b5b,DIC Mill,HSM2 & CTL,before,164.07052026113521.jpg,164.07052026113521.jpg,pending,14-05-2026 15:04:24
f2e92a95,DIC Mill,HSM2 & CTL,after,164.1.07052026113521.jpg,164.07052026113521.jpg,pending,14-05-2026 15:04:26
a9d195fe,DIC Mill,HSM2 & CTL,before,164.07052026112741.jpg,164.07052026112741.jpg,pending,14-05-2026 15:05:31
84672a0f,DIC Mill,HSM2 & CTL,after,164.1.07052026112741.jpg,164.07052026112741.jpg,pending,14-05-2026 15:05:33
23c90edc,DIC Mill,HSM2 & CTL,after,164.1.07052026113039.jpg,164.07052026113039.jpg,pending,14-05-2026 15:05:34
2b45f8fd,DIC Mill,HSM2 & CTL,before,164.07052026113039.jpg,164.07052026113039.jpg,pending,14-05-2026 15:05:35
e8b86519,DIC Mill,HSM2 & CTL,after,164.1.07052026113154.jpg,164.07052026113154.jpg,pending,14-05-2026 15:05:40
d8afe36e,DIC Mill,HSM2 & CTL,before,164.07052026113154.jpg,164.07052026113154.jpg,pending,14-05-2026 15:05:45
0446f62e,DIC Mill,HSM2 & CTL,after,164.1.07052026114825.jpg,164.07052026114825.jpg,pending,14-05-2026 15:16:36
35f9369d,DIC Mill,WRM-2 & BRM-2,after,97.1.10042026174049.jpg,97.10042026174049.jpg,pending,15-05-2026 16:36:16
2eb273ec,DIC Mill,HSM-3,before,61.18052026155910.jpg,61.18052026155910.jpg,pending,18-05-2026 16:06:18
db6bebe6,DIC Mill,HSM-3,after,61.1.18052026155910.jpg,61.18052026155910.jpg,pending,18-05-2026 16:06:21
c3ac8737,DIC Mill,HSM-3,before,72.18052026160103.jpg,72.18052026160103.jpg,pending,18-05-2026 16:15:10
bbd48a84,DIC Mill,HSM-3,after,72.1.18052026160103.jpg,72.18052026160103.jpg,pending,18-05-2026 16:15:12
40eec509,DIC Mill,HSM-3,before,61.18052026155910.jpg,61.18052026155910.jpg,pending,18-05-2026 16:15:20
07d4c9bb,DIC Mill,HSM-3,after,61.1.18052026155910.jpg,61.18052026155910.jpg,pending,18-05-2026 16:15:21
6502643e,DIC Mill,HSM-3,before,88.18052026160750.jpg,88.18052026160750.jpg,pending,18-05-2026 16:18:24
11a6575d,DIC Mill,HSM-3,after,88.1.18052026160750.jpg,88.18052026160750.jpg,pending,18-05-2026 16:18:25
b883f3c2,DIC Mill,HSM-3,before,72.18052026160103.jpg,72.18052026160103.jpg,pending,18-05-2026 16:18:27
57beb754,DIC Mill,HSM-3,after,72.1.18052026160103.jpg,72.18052026160103.jpg,pending,18-05-2026 16:18:27
5853fb50,DIC Mill,HSM-3,before,61.18052026155915.jpg,61.18052026155915.jpg,pending,18-05-2026 16:18:29
98b1a79a,DIC Mill,HSM-3,after,61.1.18052026155915.jpg,61.18052026155915.jpg,pending,18-05-2026 16:18:30
0db14c30,DIC Mill,HSM-3,before,61.18052026155910.jpg,61.18052026155910.jpg,pending,18-05-2026 16:18:31
c3cacddd,DIC Mill,HSM-3,after,61.1.18052026155910.jpg,61.18052026155910.jpg,pending,18-05-2026 16:18:32
7ff635f9,DIC Mill,HSM-3,before,88.18052026161212.jpg,88.18052026161212.jpg,pending,18-05-2026 16:34:23
46e71984,DIC Mill,HSM-3,after,88.1.18052026161212.jpg,88.18052026161212.jpg,pending,18-05-2026 16:34:24
2cc97a45,DIC Mill,HSM-3,before,72.18052026160103.jpg,72.18052026160103.jpg,pending,18-05-2026 16:34:36
13a9be83,DIC Mill,HSM-3,after,72.1.18052026160103.jpg,72.18052026160103.jpg,pending,18-05-2026 16:34:37
3a36d295,DIC Mill,HSM-3,before,61.18052026155910.jpg,61.18052026155910.jpg,pending,18-05-2026 16:34:41
5063b4ac,DIC Mill,HSM-3,after,61.1.18052026155910.jpg,61.18052026155910.jpg,pending,18-05-2026 16:34:41
df777fe6,DIC Mill,HSM-3,before,99.18052026162017.jpg,99.18052026162017.jpg,pending,18-05-2026 16:39:21
ad640805,DIC Mill,HSM-3,after,99.1.18052026162017.jpg,99.18052026162017.jpg,pending,18-05-2026 16:39:24
240b4c19,DIC Mill,HSM-3,before,88.18052026161240.jpg,88.18052026161240.jpg,pending,18-05-2026 17:18:31
5ef6d774,DIC Mill,HSM-3,after,88.1.18052026161240.jpg,88.18052026161240.jpg,pending,18-05-2026 17:18:32
2582bdf9,DIC Mill,HSM-3,before,88.18052026161215.jpg,88.18052026161215.jpg,pending,18-05-2026 17:18:34
3129f3ab,DIC Mill,HSM-3,after,88.1.18052026161215.jpg,88.18052026161215.jpg,pending,18-05-2026 17:18:35
5de572c4,DIC Mill,HSM-3,before,88.18052026161212.jpg,88.18052026161212.jpg,pending,18-05-2026 17:18:37
d9a1246f,DIC Mill,HSM-3,after,88.1.18052026161212.jpg,88.18052026161212.jpg,pending,18-05-2026 17:18:38
9507bd10,DIC Mill,HSM-3,before,72.18052026160103.jpg,72.18052026160103.jpg,pending,18-05-2026 17:18:45
84b49776,DIC Mill,HSM-3,after,72.1.18052026160103.jpg,72.18052026160103.jpg,pending,18-05-2026 17:18:48
ae39106b,DIC Mill,HSM-3,before,61.18052026155910.jpg,61.18052026155910.jpg,pending,18-05-2026 17:18:53
70183fcc,DIC Mill,HSM-3,after,61.1.18052026155910.jpg,61.18052026155910.jpg,pending,18-05-2026 17:18:54
97416b9e,DIC Mill,HSM-3,before,170.18052026172611.jpg,170.18052026172611.jpg,pending,18-05-2026 17:30:48
7eb46b0a,DIC Mill,HSM-3,before,170.18052026172611.jpg,170.18052026172611.jpg,pending,18-05-2026 17:30:50
c332648d,DIC Mill,HSM-3,after,170.1.18052026172611.jpg,170.18052026172611.jpg,pending,18-05-2026 17:30:52
69c924e9,DIC Mill,HSM-3,before,99.18052026163111.jpg,99.18052026163111.jpg,pending,18-05-2026 17:33:17
7bd79e06,DIC Mill,HSM-3,after,99.1.18052026163111.jpg,99.18052026163111.jpg,pending,18-05-2026 17:33:19
e49b5874,DIC Mill,HSM-3,before,125.18052026163423.jpg,125.18052026163423.jpg,pending,18-05-2026 17:33:28
98505719,DIC Mill,HSM-3,after,125.1.18052026163423.jpg,125.18052026163423.jpg,pending,18-05-2026 17:33:29
b9b1279a,DIC Mill,HSM-3,before,149.18052026170259.jpg,149.18052026170259.jpg,pending,19-05-2026 09:30:48
c916e39f,DIC Mill,HSM-3,after,149.1.18052026170259.jpg,149.18052026170259.jpg,pending,19-05-2026 09:30:49
94e72920,DIC Mill,HSM-3,before,99.18052026162017.jpg,99.18052026162017.jpg,pending,19-05-2026 09:31:06
77597524,DIC Mill,HSM-3,after,99.1.18052026162017.jpg,99.18052026162017.jpg,pending,19-05-2026 09:31:07
d9a4357e,Logistics,Logistics,before,1.17032026144626.jpg,1.17032026144626.jpg,pending,25-05-2026 02:09:00
5f0447b3,Logistics,Logistics,after,1.1.17032026144626.jpg,1.17032026144626.jpg,pending,25-05-2026 02:09:07
1922799b,Logistics,Logistics,before,1.17032026144644.jpg,1.17032026144644.jpg,pending,25-05-2026 02:09:11
003b2ab1,Logistics,Logistics,after,1.1.17032026144644.jpg,1.17032026144644.jpg,pending,25-05-2026 02:09:14
1c066aca,Logistics,Logistics,before,1.17032026144813.jpg,1.17032026144813.jpg,pending,25-05-2026 02:09:35
a1650737,Logistics,Logistics,after,1.1.17032026144813.jpg,1.17032026144813.jpg,pending,25-05-2026 02:09:36
3c0ad3ff,DIC Mill,HSM-3,before,170.18052026172821.jpg,170.18052026172821.jpg,pending,26-05-2026 16:41:41
d3cf22d2,DIC Mill,HSM-3,before,176.18052026173142.jpg,176.18052026173142.jpg,pending,26-05-2026 16:43:18
f0742313,DIC Mill,HSM-3,after,176.1.18052026173142.jpg,176.18052026173142.jpg,pending,26-05-2026 16:43:24
202a35cc,DIC Mill,HSM-3,before,170.18052026172858.jpg,170.18052026172858.jpg,pending,26-05-2026 16:43:52
1755c84d,DIC Mill,HSM-3,after,170.1.18052026172858.jpg,170.18052026172858.jpg,pending,26-05-2026 16:43:55
67bf844e,DIC Mill,HSM-3,before,170.18052026172821.jpg,170.18052026172821.jpg,pending,26-05-2026 16:44:13
0ad45917,DIC Mill,HSM-3,after,170.1.18052026172821.jpg,170.18052026172821.jpg,pending,26-05-2026 16:44:15
5f922bc8,DIC Mill,HSM-3,before,170.18052026172727.jpg,170.18052026172727.jpg,pending,26-05-2026 16:44:32
a53636ff,DIC Mill,HSM-3,after,170.1.18052026172727.jpg,170.18052026172727.jpg,pending,26-05-2026 16:44:34
2cd4c276,DIC Mill,HSM-3,before,170.18052026172717.jpg,170.18052026172717.jpg,pending,26-05-2026 16:44:36
3649410b,DIC Mill,HSM-3,after,170.1.18052026172717.jpg,170.18052026172717.jpg,pending,26-05-2026 16:44:38
37c832d8,DIC Mill,HSM-3,before,169.18052026172503.jpg,169.18052026172503.jpg,pending,26-05-2026 16:45:00
a5a9b617,DIC Mill,HSM-3,after,169.1.18052026172503.jpg,169.18052026172503.jpg,pending,26-05-2026 16:45:02
c2201c2a,DIC Mill,HSM-3,before,169.18052026172444.jpg,169.18052026172444.jpg,pending,26-05-2026 16:45:06
9e3c3f10,DIC Mill,HSM-3,after,169.1.18052026172444.jpg,169.18052026172444.jpg,pending,26-05-2026 16:45:08
9852e657,DIC Mill,HSM-3,before,149.18052026170259.jpg,149.18052026170259.jpg,pending,26-05-2026 16:46:53
65e5ceab,DIC Mill,HSM-3,after,149.1.18052026170259.jpg,149.18052026170259.jpg,pending,26-05-2026 16:46:55
762fde2a,DIC Mill,HSM-3,before,140.18052026164234.jpg,140.18052026164234.jpg,pending,26-05-2026 16:47:48
e1fef97b,DIC Mill,HSM-3,after,140.1.18052026164234.jpg,140.18052026164234.jpg,pending,26-05-2026 16:47:50
a9f47479,DIC Mill,HSM-3,before,140.18052026164205.jpg,140.18052026164205.jpg,pending,26-05-2026 16:48:01
6050b7e8,DIC Mill,HSM-3,after,140.1.18052026164205.jpg,140.18052026164205.jpg,pending,26-05-2026 16:48:03
32c16190,DIC Mill,HSM-3,before,139.18052026164055.jpg,139.18052026164055.jpg,pending,26-05-2026 16:48:13
c12824ff,DIC Mill,HSM-3,after,139.1.18052026164055.jpg,139.18052026164055.jpg,pending,26-05-2026 16:48:16
fee2dfd1,DIC Mill,HSM-3,before,99.18052026163110.jpg,99.18052026163110.jpg,pending,26-05-2026 16:48:38
c1c1b153,DIC Mill,HSM-3,after,99.1.18052026163110.jpg,99.18052026163110.jpg,pending,26-05-2026 16:48:40
371ffa0a,DIC Mill,CRM1 & Service centres,after,27.1.12022026131017.jpg,27.12022026131017.jpg,pending,04-06-2026 17:38:38
b6d9de96,DIC Mill,CRM1 & Service centres,after,27.1.12022026131017.jpg,27.12022026131017.jpg,pending,04-06-2026 17:38:50
f43ff99a,DIC Mill,CRM1 & Service centres,after,27.1.12022026130817.jpg,27.12022026130817.jpg,pending,04-06-2026 17:44:15
8a26b6a6,DIC Mill,CRM1 & Service centres,after,27.1.12022026130717.jpg,27.12022026130717.jpg,pending,04-06-2026 17:44:23
2da74a89,DIC Mill,CRM1 & Service centres,after,27.1.12022026130617.jpg,27.12022026130617.jpg,pending,04-06-2026 17:44:26
f429a6e7,DIC Mill,CRM1 & Service centres,after,27.1.12022026130517.jpg,27.12022026130517.jpg,pending,04-06-2026 17:44:33
2012b8f8,DIC Mill,CRM1 & Service centres,after,27.1.12022026130417.jpg,27.12022026130417.jpg,pending,04-06-2026 17:44:36
9bae2112,DIC Mill,CRM1 & Service centres,before,56.15022026130310.jpg,56.15022026130310.jpg,pending,04-06-2026 17:52:44
a0206539,DIC Mill,CRM1 & Service centres,before,41.13022026175255.jpg,41.13022026175255.jpg,pending,05-06-2026 16:56:51
4ef177a1,DIC Mill,CRM1 & Service centres,before,41.13022026175258.jpg,41.13022026175258.jpg,pending,05-06-2026 16:56:55
a68ddfc8,DIC Mill,CRM1 & Service centres,after,27.1.12022026131017.jpg,27.12022026131017.jpg,pending,05-06-2026 17:07:02
496427f7,DIC Mill,CRM1 & Service centres,after,27.1.12022026130917.jpg,27.12022026130917.jpg,pending,05-06-2026 17:07:13
8f7b564f,DIC Mill,CRM1 & Service centres,after,27.1.12022026130817.jpg,27.12022026130817.jpg,pending,05-06-2026 17:07:20
e5eedcaa,DIC Mill,CRM1 & Service centres,after,27.1.12022026130717.jpg,27.12022026130717.jpg,pending,05-06-2026 17:07:28
0fd05dec,DIC Mill,CRM1 & Service centres,after,27.1.12022026130617.jpg,27.12022026130617.jpg,pending,05-06-2026 17:07:36
06d6a32c,DIC Mill,CRM1 & Service centres,after,27.1.12022026130517.jpg,27.12022026130517.jpg,pending,05-06-2026 17:07:47
4125d9fa,DIC Mill,CRM1 & Service centres,after,27.1.12022026130417.jpg,27.12022026130417.jpg,pending,05-06-2026 17:07:51
fb43e550,DIC Mill,CRM1 & Service centres,before,41.13022026175258.jpg,41.13022026175258.jpg,pending,05-06-2026 17:15:53
1f1e3ac2,DIC Mill,CRM1 & Service centres,before,41.13022026175255.jpg,41.13022026175255.jpg,pending,05-06-2026 17:15:55
4be6c8ae,DIC Mill,HSM1,after,110.1.17052026170220.jpg,110.17052026170220.jpg,pending,12-06-2026 09:22:35
c25c96c3,DIC Mill,HSM1,before,110.17052026170220.jpg,110.17052026170220.jpg,pending,12-06-2026 09:22:38
81762567,DIC Mill,HSM1,after,116.1.05062026204516.jpg,116.05062026204516.jpg,pending,12-06-2026 09:26:27
f8fbb90e,DIC Mill,HSM1,before,116.05062026204516.jpg,116.05062026204516.jpg,pending,12-06-2026 09:26:29
1a2fd879,DIC Mill,HSM1,after,116.1.05062026175650.jpg,116.05062026175650.jpg,pending,12-06-2026 09:26:41
d5ff88cd,DIC Mill,HSM1,before,116.05062026175650.jpg,116.05062026175650.jpg,pending,12-06-2026 09:26:43
27905701,DIC Mill,HSM1,after,116.1.01062026122222.jpg,116.01062026122222.jpg,pending,12-06-2026 09:26:46
cb278984,DIC Mill,HSM1,before,116.01062026122222.jpg,116.01062026122222.jpg,pending,12-06-2026 09:26:48
c39ae877,DIC Mill,HSM1,after,116.1.01062026122147.jpg,116.01062026122147.jpg,pending,12-06-2026 09:27:55
9f9f8a19,DIC Mill,HSM1,before,116.01062026122147.jpg,116.01062026122147.jpg,pending,12-06-2026 09:27:56
2dc06a64,DIC Mill,HSM1,after,110.1.17052026170140.jpg,110.17052026170140.jpg,pending,12-06-2026 09:28:26
9d1b857e,DIC Mill,HSM1,before,110.17052026170140.jpg,110.17052026170140.jpg,pending,12-06-2026 09:28:28
b1c11ccd,DIC Mill,HSM1,after,110.1.17052026170140.jpg,110.17052026170140.jpg,pending,12-06-2026 09:48:06
38609634,DIC Mill,HSM1,before,110.17052026170140.jpg,110.17052026170140.jpg,pending,12-06-2026 09:48:08
8822ff93,DIC Mill,HSM1,after,110.1.17052026170220.jpg,110.17052026170220.jpg,pending,12-06-2026 09:48:14
fd4a3810,DIC Mill,HSM1,before,110.17052026170220.jpg,110.17052026170220.jpg,pending,12-06-2026 09:48:16
264aec8e,DIC Mill,CRM1 & Service centres,after,136.1.04062026180041.jpg,136.04062026180041.jpg,pending,16-06-2026 10:58:46
7b45b7e7,DIC Mill,CRM1 & Service centres,before,136.04062026180041.jpg,136.04062026180041.jpg,pending,16-06-2026 10:58:47
3d9d567f,DIC Mill,CRM1 & Service centres,before,41.13022026175255.jpg,41.13022026175255.jpg,pending,16-06-2026 12:56:21
59f54bc4,DIC Mill,CRM1 & Service centres,before,41.13022026175258.jpg,41.13022026175258.jpg,pending,16-06-2026 12:56:26
3a6d00d4,DIC Mill,CRM1 & Service centres,before,72.17022026121429.jpg,72.17022026121429.jpg,pending,27-06-2026 11:35:40
f5d7fc26,DIC Mill,CRM1 & Service centres,before,71.17022026121347.jpg,71.17022026121347.jpg,pending,27-06-2026 11:35:44
4e0a5aca,DIC Mill,CRM1 & Service centres,before,41.13022026175258.jpg,41.13022026175258.jpg,pending,27-06-2026 15:54:47
7dd0add1,DIC Mill,CRM1 & Service centres,before,41.13022026175255.jpg,41.13022026175255.jpg,pending,27-06-2026 15:54:49
c6fff6be,Logistics,Logistics,before,626.20042026095948.jpg,626.20042026095948.jpg,approved,29-06-2026 10:25:53
69739833,DIC Mill,CRM1 & Service centres,before,62.17022026120447.jpg,62.17022026120447.jpg,approved,29-06-2026 10:55:21
4ae1025b,DIC Steel,SMS3,before,58.16042026170402.jpg,58.16042026170402.jpg,approved,29-06-2026 12:37:20
b503db4a,DIC Steel,SMS3,after,58.1.16042026170402.jpg,58.16042026170402.jpg,approved,29-06-2026 12:37:23
97a7b387,DIC Mill,CRM1 & Service centres,before,7.11022026170528.jpg,7.11022026170528.jpg,approved,30-06-2026 12:14:33
87e2a797,DIC Mill,CRM1 & Service centres,after,49.1.14022026113942.jpg,49.14022026113942.jpg,approved,30-06-2026 12:33:23
0c641745,DIC Mill,WRM-1 & BRM-1,before,26.24032026175350.jpg,26.24032026175350.jpg,approved,03-07-2026 14:53:16
3372cdf5,DIC Mill,WRM-1 & BRM-1,before,26.24032026175250.jpg,26.24032026175250.jpg,approved,03-07-2026 14:53:19
94716e1c,DIC Mill,WRM-1 & BRM-1,before,26.24032026175050.jpg,26.24032026175050.jpg,approved,03-07-2026 14:53:36
e74714bf,DIC Mill,WRM-1 & BRM-1,before,26.24032026174755.jpg,26.24032026174755.jpg,approved,03-07-2026 14:53:45
5dcc8144,DIC Mill,WRM-1 & BRM-1,before,26.24032026174750.jpg,26.24032026174750.jpg,approved,03-07-2026 14:53:50
b173ac4d,DIC Mill,WRM-1 & BRM-1,before,26.24032026175355.jpg,26.24032026175355.jpg,approved,03-07-2026 14:54:00
b8172efb,DIC Mill,WRM-1 & BRM-1,before,26.24032026174655.jpg,26.24032026174655.jpg,approved,03-07-2026 14:56:08
e1a21170,DIC Mill,WRM-1 & BRM-1,before,26.24032026174650.jpg,26.24032026174650.jpg,pending,03-07-2026 14:56:10
8ff97b1c,DIC Mill,WRM-1 & BRM-1,before,26.24032026174355.jpg,26.24032026174355.jpg,pending,03-07-2026 14:56:17
c72f565d,DIC Mill,WRM-1 & BRM-1,before,26.24032026174150.jpg,26.24032026174150.jpg,pending,03-07-2026 14:56:21
e376a0ce,DIC Mill,WRM-1 & BRM-1,before,26.24032026174055.jpg,26.24032026174055.jpg,rejected,03-07-2026 14:56:25
1a260f40,DIC Mill,WRM-1 & BRM-1,before,26.24032026173750.jpg,26.24032026173750.jpg,approved,03-07-2026 14:56:51
9e6ca608,DIC Mill,WRM-1 & BRM-1,before,26.24032026173450.jpg,26.24032026173450.jpg,approved,03-07-2026 14:56:57
5d795dd6,DIC Mill,HSM1,before,116.01062026122147.jpg,116.01062026122147.jpg,pending,07-07-2026 17:31:29
b554cf5e,DIC Mill,HSM1,before,116.01062026122147.jpg,116.01062026122147.jpg,pending,07-07-2026 17:31:32
57ac9495,DIC Mill,HSM1,after,116.1.01062026122147.jpg,116.01062026122147.jpg,pending,07-07-2026 17:31:35
1dec89c0,DIC Utility,Energy & Oxygen Plants,before,1.28032026181559.jpg,1.28032026181559.jpg,pending,13-07-2026 16:00:13
9e979d0e,DIC Utility,Energy & Oxygen Plants,after,1.1.28032026181559.jpg,1.28032026181559.jpg,pending,13-07-2026 16:00:18
6b43e2ac,DIC Mill,HSM-3,before,1.30042026161140.jpg,1.30042026161140.jpg,pending,20-07-2026 10:46:05
9d81ba40,DIC Mill,HSM-3,after,1.1.30042026161140.jpg,1.30042026161140.jpg,pending,20-07-2026 10:46:08
a1fd64ab,DIC Mill,HSM-3,before,5.11052026122922.jpg,5.11052026122922.jpg,pending,20-07-2026 10:49:08
2647d077,DIC Iron Making,BF3&4,before,33.06032026142457.jpg,33.06032026142457.jpg,approved,21-07-2026 10:32:22
a3b89909,DIC Mill,CRM2,before,68.18042026102129.jpg,68.18042026102129.jpg,pending,21-07-2026 11:48:32
eda07d55,DIC Mill,CRM2,before,68.18042026102129.jpg,68.18042026102129.jpg,pending,21-07-2026 11:51:41
b462ce01,DIC Mill,CRM2,before,68.18042026102129.jpg,68.18042026102129.jpg,pending,21-07-2026 11:51:42
e73e2d00,DIC Mill,CRM2,before,68.18042026102129.jpg,68.18042026102129.jpg,pending,21-07-2026 11:51:43
6f57103c,DIC Mill,CRM2,before,68.18042026102129.jpg,68.18042026102129.jpg,pending,21-07-2026 11:51:44
9a3e9e2b,DIC Iron Making,IM5MT,after,183.1.06032026133119.jpg,183.06032026133119.jpg,pending,29-07-2026 15:04:58
0c55efb7,DIC Iron Making,IM5MT,after,183.1.06032026133119.jpg,183.06032026133119.jpg,pending,29-07-2026 15:05:03
66d38428,DIC Agglo,OBP2,before,2.09032026123816.jpg,2.09032026123816.jpg,pending,18-08-2026 15:45:39
04541d62,DIC Agglo,OBP2,before,2.09032026123920.jpg,2.09032026123920.jpg,pending,18-08-2026 15:46:26
537cfd52,DIC Agglo,OBP2,after,2.1.09032026123907.jpg,2.09032026123907.jpg,pending,18-08-2026 16:55:12
e569bc9f,DIC Agglo,OBP2,after,2.1.09032026123907.jpg,2.09032026123907.jpg,pending,18-08-2026 16:55:32
0f5348dd,DIC Agglo,SP1,before,51.10032026143954.jpg,51.10032026143954.jpg,pending,21-08-2026 16:37:58
06f74e46,DIC Steel,"LCP1,2,3,4&5",after,172.1.13042026183157.jpg,172.13042026183157.jpg,pending,22-08-2026 13:11:25
af5f13c3,DIC Steel,"LCP1,2,3,4&5",after,172.1.13042026182957.jpg,172.13042026182957.jpg,pending,22-08-2026 13:11:35
fe4b6a5a,DIC Steel,"LCP1,2,3,4&5",before,172.13042026182457.jpg,172.13042026182457.jpg,pending,22-08-2026 13:12:01
4236e140,DIC Steel,"LCP1,2,3,4&5",before,172.13042026182357.jpg,172.13042026182357.jpg,pending,22-08-2026 13:12:04
3ef6d887,DIC Steel,"LCP1,2,3,4&5",before,172.13042026182257.jpg,172.13042026182257.jpg,pending,22-08-2026 13:12:07
e4c8d866,DIC Steel,"LCP1,2,3,4&5",before,172.13042026182057.jpg,172.13042026182057.jpg,pending,22-08-2026 13:12:12
52e9d8ca,DIC Steel,"LCP1,2,3,4&5",before,172.13042026181957.jpg,172.13042026181957.jpg,pending,22-08-2026 13:12:15
1d47136c,DIC Steel,"LCP1,2,3,4&5",before,172.13042026181857.jpg,172.13042026181857.jpg,pending,22-08-2026 13:12:21
d1cb97d7,DIC Steel,"LCP1,2,3,4&5",before,172.13042026181757.jpg,172.13042026181757.jpg,pending,22-08-2026 13:12:25
1ba66ba3,DIC Steel,"LCP1,2,3,4&5",before,172.13042026181557.jpg,172.13042026181557.jpg,pending,22-08-2026 13:12:32
491609ca,DIC Steel,"LCP1,2,3,4&5",before,172.13042026181457.jpg,172.13042026181457.jpg,pending,22-08-2026 13:12:34
d1765abf,DIC Steel,"LCP1,2,3,4&5",before,172.13042026181357.jpg,172.13042026181357.jpg,pending,22-08-2026 13:12:39
cf862c1c,DIC Steel,"LCP1,2,3,4&5",before,172.13042026131438.jpg,172.13042026131438.jpg,pending,22-08-2026 13:13:08
41c266e9,DIC Steel,"LCP1,2,3,4&5",before,172.13042026131138.jpg,172.13042026131138.jpg,pending,22-08-2026 13:13:16
f7833ca7,DIC Steel,"LCP1,2,3,4&5",before,172.13042026131038.jpg,172.13042026131038.jpg,pending,22-08-2026 13:13:20
66974459,DIC Steel,"LCP1,2,3,4&5",before,172.13042026130938.jpg,172.13042026130938.jpg,pending,22-08-2026 13:13:24
354f8cfb,DIC Steel,"LCP1,2,3,4&5",before,172.13042026130538.jpg,172.13042026130538.jpg,pending,22-08-2026 13:13:39
6b8a8671,DIC Steel,"LCP1,2,3,4&5",before,172.13042026130038.jpg,172.13042026130038.jpg,pending,22-08-2026 13:13:47
8dbf2201,DIC Steel,"LCP1,2,3,4&5",before,172.13042026125838.jpg,172.13042026125838.jpg,pending,22-08-2026 13:13:54
f3668f6e,DIC Steel,"LCP1,2,3,4&5",before,172.13042026125738.jpg,172.13042026125738.jpg,pending,22-08-2026 13:14:00
eaeae67f,DIC Steel,"LCP1,2,3,4&5",before,172.13042026125638.jpg,172.13042026125638.jpg,pending,22-08-2026 13:14:04
6139110e,DIC Steel,"LCP1,2,3,4&5",before,172.13042026125538.jpg,172.13042026125538.jpg,pending,22-08-2026 13:14:07
33e46e11,DIC Steel,"LCP1,2,3,4&5",before,172.13042026125238.jpg,172.13042026125238.jpg,pending,22-08-2026 13:14:12
e14817dd,DIC Steel,"LCP1,2,3,4&5",before,172.13042026125138.jpg,172.13042026125138.jpg,pending,22-08-2026 13:14:17
fb4651a3,DIC Steel,"LCP1,2,3,4&5",before,172.13042026182457.jpg,172.13042026182457.jpg,pending,22-08-2026 13:16:24
096d3951,DIC Steel,"LCP1,2,3,4&5",before,172.13042026182457.jpg,172.13042026182457.jpg,pending,22-08-2026 15:25:41
a08d69f9,DIC Steel,"LCP1,2,3,4&5",before,172.13042026182357.jpg,172.13042026182357.jpg,pending,22-08-2026 15:25:46
14b74327,DIC Steel,"LCP1,2,3,4&5",before,172.13042026182257.jpg,172.13042026182257.jpg,pending,22-08-2026 15:25:50
b6cce2f0,DIC Steel,"LCP1,2,3,4&5",before,172.13042026182057.jpg,172.13042026182057.jpg,pending,22-08-2026 15:25:56
c74f0e7d,DIC Steel,"LCP1,2,3,4&5",before,172.13042026181957.jpg,172.13042026181957.jpg,pending,22-08-2026 15:26:00
421e5118,DIC Steel,"LCP1,2,3,4&5",before,172.13042026181857.jpg,172.13042026181857.jpg,pending,22-08-2026 15:26:04
c1796800,DIC Steel,"LCP1,2,3,4&5",before,172.13042026181757.jpg,172.13042026181757.jpg,pending,22-08-2026 15:26:08
f88202d7,DIC Steel,"LCP1,2,3,4&5",before,172.13042026181657.jpg,172.13042026181657.jpg,pending,22-08-2026 15:26:48
98346e80,DIC Steel,"LCP1,2,3,4&5",before,172.13042026181557.jpg,172.13042026181557.jpg,pending,22-08-2026 15:26:51
6a108546,DIC Steel,"LCP1,2,3,4&5",before,172.13042026181457.jpg,172.13042026181457.jpg,pending,22-08-2026 15:26:54
994e2a7a,DIC Steel,"LCP1,2,3,4&5",before,172.13042026131438.jpg,172.13042026131438.jpg,pending,22-08-2026 15:29:00
275dd0f1,DIC Steel,"LCP1,2,3,4&5",before,172.13042026131138.jpg,172.13042026131138.jpg,pending,22-08-2026 15:29:07
6a59ed88,DIC Steel,"LCP1,2,3,4&5",before,172.13042026131038.jpg,172.13042026131038.jpg,pending,22-08-2026 15:29:10
ce2a9339,DIC Steel,"LCP1,2,3,4&5",before,172.13042026130938.jpg,172.13042026130938.jpg,pending,22-08-2026 15:29:15
5895d4c7,DIC Steel,"LCP1,2,3,4&5",before,172.13042026130838.jpg,172.13042026130838.jpg,pending,22-08-2026 15:29:41
9c7ace24,DIC Steel,"LCP1,2,3,4&5",before,172.13042026130738.jpg,172.13042026130738.jpg,pending,22-08-2026 15:29:44
cbd9f212,DIC Steel,"LCP1,2,3,4&5",before,172.13042026130638.jpg,172.13042026130638.jpg,pending,22-08-2026 15:29:47
0d14efa5,DIC Steel,"LCP1,2,3,4&5",before,172.13042026130538.jpg,172.13042026130538.jpg,pending,22-08-2026 15:29:49
38914334,DIC Steel,"LCP1,2,3,4&5",before,172.13042026130038.jpg,172.13042026130038.jpg,pending,22-08-2026 15:30:07
39b89978,DIC Steel,"LCP1,2,3,4&5",before,172.13042026125738.jpg,172.13042026125738.jpg,pending,22-08-2026 15:30:19
36bf7889,DIC Steel,"LCP1,2,3,4&5",before,172.13042026125638.jpg,172.13042026125638.jpg,pending,22-08-2026 15:30:29
b4a4a69e,DIC Steel,"LCP1,2,3,4&5",before,172.13042026125538.jpg,172.13042026125538.jpg,pending,22-08-2026 15:30:31
28e684c0,DIC Steel,"LCP1,2,3,4&5",before,172.13042026125238.jpg,172.13042026125238.jpg,pending,22-08-2026 15:30:36
b1269e64,DIC Steel,"LCP1,2,3,4&5",before,172.13042026125138.jpg,172.13042026125138.jpg,pending,22-08-2026 15:30:40
07c25cb3,DIC Steel,"LCP1,2,3,4&5",before,1.07032026172540.jpg,1.07032026172540.jpg,pending,22-08-2026 15:30:50
b0f3f814,DIC Steel,"LCP1,2,3,4&5",before,1.07032026172327.jpg,1.07032026172327.jpg,pending,22-08-2026 15:31:07
361273d7,DIC Steel,"LCP1,2,3,4&5",before,1.07032026171627.jpg,1.07032026171627.jpg,pending,22-08-2026 15:31:56
58d4889f,DIC Steel,"LCP1,2,3,4&5",before,1.07032026171040.jpg,1.07032026171040.jpg,pending,22-08-2026 15:32:31
3945576d,DIC Steel,"LCP1,2,3,4&5",before,1.07032026170634.jpg,1.07032026170634.jpg,pending,22-08-2026 15:33:51
06b2196a,DIC Steel,"LCP1,2,3,4&5",before,1.07032026170534.jpg,1.07032026170534.jpg,pending,22-08-2026 15:34:21
e07dcb9b,DIC Steel,"LCP1,2,3,4&5",before,1.07032026165826.jpg,1.07032026165826.jpg,pending,22-08-2026 15:36:38
96ea26f5,DIC Steel,"LCP1,2,3,4&5",before,1.07032026165844.jpg,1.07032026165844.jpg,pending,22-08-2026 15:36:47
d21f9110,DIC Steel,"LCP1,2,3,4&5",before,1.07032026165904.jpg,1.07032026165904.jpg,pending,22-08-2026 15:36:52
13ddab7c,DIC Steel,"LCP1,2,3,4&5",before,1.07032026165840.jpg,1.07032026165840.jpg,pending,22-08-2026 15:36:59
77264467,DIC Steel,"LCP1,2,3,4&5",before,1.07032026170004.jpg,1.07032026170004.jpg,pending,22-08-2026 16:02:35
73832ce0,DIC Steel,"LCP1,2,3,4&5",before,1.07032026170104.jpg,1.07032026170104.jpg,pending,22-08-2026 16:04:16
86a9b8cf,DIC Steel,"LCP1,2,3,4&5",before,1.07032026170540.jpg,1.07032026170540.jpg,pending,22-08-2026 16:14:40
a5f2ba60,DIC Steel,"LCP1,2,3,4&5",before,172.13042026125838.jpg,172.13042026125838.jpg,pending,22-08-2026 16:24:28
8ff36e01,DIC Agglo,OBP2,before,2.09032026130420.jpg,2.09032026130420.jpg,pending,24-08-2026 17:52:23
2f726478,DIC Agglo,OBP2,before,2.09032026123916.jpg,2.09032026123916.jpg,pending,25-08-2026 15:13:33
