S #,PRODUCT,PRODUCT DESCRIPTION,Examples,photo,UOM,RMHS,PP- & OBP-1,PP-2,PP-3,SP1,"SP-2,3, 4 &5",LCP-1 TO 4,CO-3&4,CO-5,CX-1&2,BF-1&2,BF-4,BF-5,DRI,SMS-1,SMS-2,SMS-3,SMS-4,HSM-1,HSM-2,HSM-3,WRM-1 & BRM-1,WRM-2 & BRM-2,CRM-1,CRM-2,EMD,UTILITY,CMD/ISHOP/MRS,LOGISTIC,Total (months),Total (per year)
1,7100000009,BEARING SCRAP,,,MT,0.65,0.5,0.22,2.0,0.05,0.05,0.0,0.0,0.5,0.0,0.0,0.2,0.14,0.05,0.2,0.015,0.01,0.01,2.0,0.42,0.42,0.45,0.6,0.025,0.0,0.0216666666666666,0.05,0.005,10.0,18.586666666666662,223.04
2,7100000025,USED THINNER,,,DR,0.0,0.0,0.0,10.0,0.0,1.0,0.0,0.0,0.0,0.0,0.0,5.0,2.0,0.0,0.0,0.02,0.0,0.0,0.1,0.0,2.1499999999999995,0.0,0.0,5.0,0.0,0.0,0.0,0.0,0.0,25.27,303.24
3,7100000042,OLD & USED COPPER CABLE SCRAP,,,MT,0.1,0.2,0.02,0.04,0.0,0.2,0.001,0.0,1.0,0.0,0.0,0.1,0.01,0.0,0.8,0.0,0.05,0.05,0.2,2.15,2.37,0.02,0.08,0.03,0.0,0.0,0.0,0.002,0.0,7.422999999999999,89.076
4,7100000051,"SCRP,ELECTRONIC/ELECTRICAL (All Light fittings & electrical items)",,,MT,0.5,0.1,0.01,0.188,0.02,0.02,0.005,0.0,1.0,0.0,0.0,0.1,0.05,0.01,0.5,0.0,0.02,0.02,1.5,2.37,1.1800000000000002,0.035,0.09,0.03,0.0,0.0,0.1,0.02,0.0,7.867999999999999,94.416
5,7100000056,"SCRP,WOODEN SCRAP:MIX WOOD",,,MT,0.0,0.3,0.15,3.0,0.02,0.1,0.5,0.5,5.0,0.0,0.0,1.0,0.0,0.0,2.0,0.0,0.5,31.0,0.01,1.18,0.09,600.0,0.5,4.6,0.0,0.0,0.5,0.0,50.0,700.95,8411.400000000001
6,7100000065,"SCRP,SCRAP PLASTIC TANK PP -1000 LTR",,,EA,0.0,20.0,0.0,0.0,0.0,3.0,0.0,0.0,0.0,0.0,0.0,50.0,0.0,0.0,0.0,0.0,0.0,0.0,0.0,0.09,0.0,0.0,0.0,20.0,0.0,0.0,0.0,0.0,0.0,93.09,1117.08
7,7100000085,OLD & USED PAPER CARTON ( PACKING BOX ),,,MT,0.5,0.2,0.05,0.001,0.01,0.05,0.001,0.1,0.5,0.0,0.0,0.1,0.01,0.0,2.5,0.0,0.02,0.02,0.1,1.22,1.2200000000000002,0.0,0.05,0.2,0.0,0.0,0.0,0.01,30.0,36.862,442.344
8,7100000160,"SCRP,OLD AND USED,MATERIAL:CERAMIC WOOL",,,MT,0.0,0.01,0.0,0.5,0.0,0.01,0.005,0.0,10.0,0.0,0.0,0.5,0.0025,0.02,0.0,0.0,1.0,1.0,0.0,0.0,0.7,0.5,0.45,0.22,0.0,0.0,0.0,0.0,0.0,14.9175,179.01
9,7100000169,"SCRP,E-WASTE",,,MT,0.4,0.05,0.01,0.0,0.05,0.005,0.001,0.0,0.25,0.0,0.0,0.05,0.02,0.0,0.0,0.0,0.01,0.01,0.5,0.0,0.1,0.0375,0.8,0.0,0.0,0.1,0.0,0.0,0.0,2.3935000000000004,28.722000000000005
10,7100000184,"SCRP,PACKING WOODEN SCRAP",,,MT,7.5,0.1,0.1,1.2,0.02,0.01,0.0,0.5,3.0,0.0,0.0,1.0,0.08,0.5,6.5,0.02,0.02,0.02,110.0,0.7,394.0,0.5,0.65,0.0,0.0,0.0,0.1,0.01,10.0,536.53,6438.36
11,7100000185,SCRAPPED EMPTY CABLE WOODEN DRUM,,,MT,0.6,0.2,0.01,0.02,0.02,0.02,0.001,0.0,5.0,0.0,0.0,0.5,0.02,0.0,0.5,0.0,0.02,0.02,0.0,0.1,70.0,0.0,0.15,0.1,0.0,0.0,0.0,0.0,0.0,77.281,927.372
12,7100000186,"SCRP,USED CONVEYOR BELT",,,MT,87.0,4.0,1.5,10.0,1.0,0.5,6.0,0.0,40.0,0.0,0.0,1.0,2.58,0.0,4.0,0.5,0.02,0.4166666666666667,80.0,0.0,20.0,0.0,0.0,0.0,0.0,0.0,0.0,0.0,0.0,258.51666666666665,3102.2
13,7100000187,SCRAPPED CONVEYOR BELT ( Steel Core ),,,MT,85.0,0.0,0.0,2.0,0.0,0.0,0.0,0.0,0.0,0.0,0.0,0.2,0.16,0.0,1.0,0.5,0.03,0.0,0.1,0.0,2.0,0.0,0.0,0.1,0.0,0.0,0.0,0.0,0.0,91.09,1093.08
14,7100000188,SCRAPPED FLEXOWELL BELT,,,MT,0.0,0.0,0.0,0.0,0.183,0.0,0.001,0.0,0.0,0.0,0.0,0.0,0.0,0.8,0.0,0.0,0.0,0.0,1.0,0.0,24.0,0.0,0.0,0.0,0.0,0.0,0.0,0.0,0.0,25.984,311.808
15,7100000191,SCRAPPED EMPTY JUMBO BAGS (HDPE),,,MT,0.0,0.0,0.0,0.0,0.0,0.005,0.0,0.0,0.5,0.0,0.0,0.0,0.0,0.0,4.0,0.0,0.02,0.02,5.0,0.0,23.0,0.0,0.0,0.1,0.0,0.035,0.0,0.0,0.0,32.68,392.16
16,7100000193,SCRAPPED EMPTY M.S. OIL DRUMS CAP.200 LT,,,EA,90.0,20.0,90.0,100.0,1.0,10.0,2.0,0.0,20.0,0.0,0.0,20.0,1.0,6.0,100.0,50.0,2.0,20.0,0.0,394.0,8.0,20.0,50.0,320.0,0.0,0.0,0.0,10.0,0.0,1334.0,16008.0
17,7100000194,SCRAPPED EMPTY M.S. DRUMS (OPEN MOUTH),,,EA,30.0,15.0,0.0,100.0,10.0,5.0,1.0,0.0,50.0,0.0,0.0,5.0,1.0,10.0,250.0,15.0,2.0,12.0,22.0,70.0,2.0,6.0,10.0,50.0,0.0,0.0,0.0,0.0,1.0,667.0,8004.0
18,7100000197,"SCRP,SCRAPPED EMPTY PLASTIC DRUMS 200",,,EA,50.0,5.0,0.0,50.0,0.0,2.0,8.0,0.0,20.0,0.0,0.0,10.0,0.0,12.0,100.0,60.0,2.0,70.0,0.0,10.0,9.3,40.0,90.0,300.0,0.0,0.0,0.0,15.0,10.0,863.3,10359.6
19,7100000198,SCRAPPED WASTE FILTER BAGES,,,MT,1.875,0.2,0.07,350.0,0.04,0.1,3.9,0.0,1.0,0.0,0.0,0.2,9.0,0.4,1.5,2400.0,0.1,0.1,0.0,0.0,0.5700000000000001,0.0,0.0,0.05,0.0,0.0,0.0,0.0,0.0,2769.105,33229.26
20,7100000200,SCRAPPED / Used MAGNESIA CARBON BRICKS,,,MT,0.0,0.0,0.0,0.0,0.0,0.0,0.0,0.0,0.0,0.0,0.0,0.0,0.0,0.0,0.0,0.0,300.0,216.0,0.4,0.0,0.35,0.0,0.0,0.0,0.0,0.0,0.0,0.0,0.0,516.75,6201.0
21,7100000201,S.S.SCRAP,,,MT,0.0,0.1,0.15,0.0,0.0,0.0,0.5,0.0,2.0,0.0,0.0,0.1,0.001,0.2,1.0,0.05,0.1,0.5,3.0,2.0,26.0,0.0,0.0,0.6,0.0,0.0,0.2,0.0,0.0,36.501000000000005,438.01200000000006
22,7100000215,Scrapped / Used ASC Carbon Bricks,,,MT,0.0,0.0,0.0,0.0,0.0,0.0,0.0,0.0,0.0,0.0,0.0,0.0,0.0,0.0,0.0,0.0,0.1,25.0,0.0,0.0,3.301,0.0,0.0,0.0,0.0,0.0,0.0,0.0,0.0,28.401,340.812
23,7100000216,USED OIL FILLED IN 210 LTS.BARREL,,,EA,90.0,10.0,4.0,20.0,0.0,2.0,0.0,0.0,13.0,0.0,0.0,2.0,0.0,3.0,50.0,20.0,4.0,10.0,1.0,16.0,1.0,2.0,2.0,7.0,0.0,2.0,0.0,15.0,40.0,314.0,3768.0
24,7100000217,WASTE OIL FILLED IN 210 LTS.BARREL,,,EA,30.0,5.0,0.0,15.0,1.0,2.0,0.0,0.0,13.0,0.0,0.0,8.0,2.0,2.0,50.0,0.0,4.0,1.0,1.0,13.0,1.0,2.0,3.0,6.0,0.0,7.0,0.0,0.0,40.0,206.0,2472.0
25,7100000218,WASTE OIL( A - Grade ) FILLED IN 210 LTS,,,EA,0.0,0.0,0.0,10.0,0.0,1.0,0.0,0.0,0.0,0.0,0.0,0.0,0.0,0.0,0.0,0.0,0.0,0.0,24.0,8.0,7.0,1.0,0.0,0.0,0.0,0.0,0.0,0.0,0.0,51.0,612.0
26,7100000220,SCRAPPED BACKUP ROLL,,,MT,0.0,0.0,0.0,0.0,0.0,0.0,0.0,0.0,0.0,0.0,0.0,0.0,0.0,0.0,0.02,0.1,0.1,0.1,0.1,2.0,0.0,0.0,0.0,0.0,0.0,0.0,0.0,0.0,0.0,2.42,29.04
27,7100000221,SCRAPPED S.G.IRON ROLL'S,,,MT,0.0,0.0,0.0,0.0,0.0,0.0,0.0,0.0,0.0,0.0,0.0,0.0,0.0,0.0,0.0,0.1,0.1,0.1,4.0,9.3,1.0,16.5,17.0,0.0,0.0,0.0,0.0,0.0,0.0,48.1,577.2
28,7100000224,SCRAPPED /USED GRATE BARS (Non-Magnetic),,,MT,0.0,4.0,0.0,5.0,0.0,0.5,0.0,0.0,0.0,0.0,0.0,0.0,0.0,0.0,0.0,0.0,0.0,0.0,0.0,0.0,1.0,0.0,0.0,0.0,0.0,0.0,0.0,0.0,0.0,10.5,126.0
29,7100000226,SCRAPED MOTORS,,,MT,0.0,0.5,0.0,0.0,0.03,0.05,0.005,0.0,3.0,0.0,0.0,0.5,0.0,0.0,2.2,0.0,0.02,0.02,0.0,0.57,0.0,0.2,0.3,0.25,0.0,0.0,0.0,0.0,0.0,7.645,91.74
30,7100000227,SCRAPPED/USED HA GROG DEBRIS BRICKS,,,MT,0.0,0.0,0.0,0.0,0.0,0.0,0.0,0.0,0.0,0.0,0.0,0.0,0.0,0.0,0.0,0.0,0.1,0.1,0.1,0.0,0.05,0.0,0.0,0.0,0.0,0.0,0.0,0.0,0.0,0.35,4.2
31,7100000302,"SCRP,COPPER, BRASS MIX TURNING SCRAP",,,MT,0.0,0.0,0.0,0.0,0.0,0.0,0.0,0.0,0.0,0.0,0.0,1.0,0.0,0.0,1.0,0.0,0.0,0.0,0.0,0.0,0.5,0.0,0.0,0.0,0.0,0.0,0.0,0.0,0.0,2.5,30.0
32,7100000323,GRINDING WHEELS OLD&USED,,,MT,0.1,0.0,0.008,0.01,0.0,0.001,0.0,0.0,0.2,0.0,0.0,0.1,6.0,0.01,0.0,0.0,0.01,0.01,0.2,0.35,10.0,323.0,0.5,0.05,0.0,0.0,0.05,0.0,20.0,360.5990000000001,4327.188
33,7100000361,OLD & USED TYRES WITH TUBE,,,MT,0.0,0.0,0.0,0.0,0.0,0.0,0.0,0.0,0.0,0.0,0.0,0.0,0.0,0.0,0.0,0.01,0.01,0.01,3.0,0.0,0.1,0.0,0.0,0.0,0.0,0.0,0.0,3.0,0.0,6.13,73.56
34,7100000367,"SCRP,PVC CAN EMPTY ( OLD & USED)",,,EACH,0.0,0.0,0.0,0.0,0.0,0.0,0.0,0.0,2000.0,0.0,0.0,1.0,0.0,200.0,100.0,20.0,10.0,10.0,0.0,6.0,5.0,0.0,200.0,0.0,0.0,0.0,0.0,0.0,302.0,2854.0,34248.0
35,7100000395,USED/SCRAP BATTERIES,,,MT,0.06,0.01,0.01,0.05,0.0,0.01,0.0,0.0,1.0,0.0,0.0,0.01,0.5,0.2,0.8,0.0,0.02,0.02,0.0,3.3,0.0,0.15,0.6,0.0,0.0,0.1,0.1,0.5,0.0,7.44,89.28
36,7100000402,USED/SCRAP GRAPHITE ELECTRODE,,,MT,0.0,0.0,0.0,0.0,0.0,0.0,0.0,0.0,0.0,0.0,0.0,0.0,0.0,0.0,0.0,0.0,0.02,0.02,0.0,0.0,16.0,0.0,0.0,0.0,0.0,0.0,0.0,0.0,0.0,16.04,192.48
37,7100000485,SCRAP BRASS,,,MT,0.0,0.0,0.0,0.0,0.0,0.0,0.0,0.0,0.0,0.0,0.0,0.0,0.0016,0.0,0.001,0.01,0.02,0.02,10.0,0.11,0.1,0.2,0.0,0.0,0.0,0.0,0.05,0.002,30.0,40.5146,486.1752
38,7100000491,SCRAPPED CONVEYOR BELT (SMALL/CUT PIECE),,,MT,40.0,0.5,0.0,2.0,0.5,0.01,0.05,0.0,3.0,0.0,0.0,0.1,0.5,0.0,1.0,0.01,0.01,0.01,0.0,0.0,0.0,0.0,0.0,0.0,0.0,0.0,0.0,0.0,0.0,47.68999999999999,572.2799999999999
39,7100000492,SCRAP / USED WASTE TARPAULIN,,,MT,29.7,0.05,0.01,0.02,0.05,0.005,0.0,0.0,1.0,0.0,0.0,0.0,0.0,1.0,0.0,0.01,0.02,0.02,0.0,1.05,150.0,0.5,0.3,0.1,0.0,0.0,0.0,0.0,0.0,183.835,2206.02
40,7100000495,SCRAPPED /USED GRATE BARS (MAGNETIC),,,MT,0.0,0.0,0.0,0.0,1.5,0.0,0.0,0.0,0.0,0.0,0.0,0.0,0.0,0.0,0.0,0.0,0.02,0.02,1500.0,0.0,0.1,0.0,0.0,0.0,0.0,0.0,0.0,0.0,0.0,1501.64,18019.68
41,7100000504,SCRAPPED / USED CARBON REFRACTORY BLOCKS,,,MT,0.0,0.0,0.0,0.0,0.0,0.0,0.0,0.0,0.0,0.0,0.0,0.0,0.0,0.0,0.0,0.0,0.0,0.0,0.0,0.0,7.0,0.0,0.0,0.0,0.0,0.0,0.0,0.0,0.0,7.0,84.0
42,7100000505,SCRAPPED / OLD MAGNESIA CARBON BRICKS,,,MT,0.0,0.0,0.0,0.0,0.0,0.0,0.0,0.0,0.0,0.0,0.0,0.0,0.0,0.0,0.0,0.0,10.0,87.5,25.0,0.0,25.0,0.0,0.0,0.0,0.0,0.0,0.0,0.0,0.0,147.5,1770.0
43,7100000508,SCRAPPED  TUNGSTEN CARBIDE RING/ROLLS,,,MT,0.0,0.0,0.0,0.0,0.0,0.0,0.0,0.0,0.0,0.0,0.0,0.0,0.0,0.0,0.0,0.0,0.0,0.0,50.0,0.0,0.1,0.94,0.9,0.0,0.0,0.0,0.0,0.0,0.0,51.94,623.28
44,7100000509,SCRAPPED  TUNGSTEN CARBIDE POWDER,,,MT,0.0,0.0,0.0,0.0,0.0,0.0,0.0,0.0,0.0,0.0,0.0,0.0,0.0,0.0,0.0,0.0,0.01,0.01,0.0,0.0,3.0,0.52,0.36,0.0,0.0,0.0,0.0,0.0,0.0,3.9,46.8
45,7100000514,SCRAPPED STEEL CORE CONVEYOR BELT(S ROLL,,,MT,10.0,0.0,0.0,0.0,0.0,0.0,0.0,0.0,0.0,0.0,0.0,0.0,0.08,0.0,0.0,0.01,0.01,0.01,60.0,0.0,125.0,0.0,0.0,0.0,0.0,0.0,0.0,0.0,0.0,195.11,2341.32
46,7100000596,WASTE/USED GREASE FILD IN 210 LTR BARREL,,,EA,4.0,5.0,0.0,15.0,1.0,1.0,0.0,0.0,2.0,0.0,0.0,5.0,2.0,2.0,70.0,0.0,1.0,1.0,5.0,0.0,8.0,2.0,2.0,0.0,0.0,0.0,0.0,0.0,25.0,151.0,1812.0
47,7100000692,"SCRP,SCRAP COPPER,USED AND OLD COPPER",,,MT,0.0,0.0,0.0,0.0,0.0,0.01,0.0,0.0,0.0,0.0,0.0,1.2,0.0,0.0,0.1,0.5,0.02,0.02,13.0,0.0,3.0,0.0,0.0,0.0,0.0,0.0,0.0,0.0,0.0,17.85,214.2
48,7100000734,SCRAPPED CCM WORK /IMR ROLLS (HOLLOW),,,MT,0.0,0.0,0.0,0.0,0.0,0.0,0.0,0.0,0.0,0.0,0.0,0.0,0.0,0.0,0.0,0.01,0.01,0.0,0.3,0.0,4.0,0.0,0.0,7.0,0.0,0.0,0.0,0.0,0.0,11.32,135.84
49,7100000736,SCRAPPED CCM WORK /IMR ROLLS (SOLID),,,MT,0.0,0.0,0.0,0.0,0.0,0.0,0.0,0.0,0.0,0.0,0.0,0.0,0.0,0.0,0.0,0.01,0.01,0.0,3500.0,0.0,0.7000000000000001,0.0,0.0,17.5,0.0,0.0,0.0,0.0,0.0,3518.22,42218.64
50,7100000737,SCRAPPED CRM BACKUP ROLL (CAST IRON),,,MT,0.0,0.0,0.0,0.0,0.0,0.0,0.0,0.0,0.0,0.0,0.0,0.0,0.0,0.0,0.0,0.0,0.0,0.0,0.0,0.0,7502.0,0.0,0.0,8.0,0.0,0.0,0.0,0.0,10.0,7520.0,90240.0
51,7100000738,SCRAPPED CRM BACKUP ROLL (FORGE STEEL),,,MT,0.0,0.0,0.0,0.0,0.0,0.0,0.0,0.0,0.0,0.0,0.0,0.0,0.0,0.0,0.0,0.0,0.0,0.0,0.0,0.0,56.0,0.0,0.0,6.0,0.0,0.0,0.0,0.0,0.0,62.0,744.0
52,7100000886,SCRAPPED FM WORK ROLL (HSS),,,MT,0.0,0.0,0.0,0.0,0.0,0.0,0.0,0.0,0.0,0.0,0.0,0.0,0.0,0.0,0.0,0.0,0.0,0.0,6.0,0.0,40.0,1.0,2.0,0.0,0.0,0.0,0.0,0.0,0.0,49.0,588.0
53,7100000916,USED / SCRAPPED COOLING TOWER PVC FILLS,,,MT,33.33,0.0,0.0625,0.0,0.0,0.001,0.001,1.0,5.0,0.0,0.0,0.05,0.0,0.05,0.5,0.01,0.01,0.01,12.0,1.0,50.0,0.0,0.0,0.0166666666666666,0.0,0.0,0.0,0.0,0.0,103.04116666666664,1236.494
54,7100000917,USED / SCRAPPED POLYMER LINER / SHEET,,,MT,1.425,0.2,0.25,3.0,0.05,0.02,0.0,0.0,0.0,0.0,0.0,0.01,0.0,0.0,0.0,0.0,0.0,0.0,20.0,0.0,28.0,0.0,0.0,0.0,0.0,0.0,0.0,0.0,0.0,52.955,635.46
55,7100000975,SCRAPPED EMPTY M.S. DRUMS (DAMAGED),,,EA,0.0,0.0,3.0,1.0,0.0,1.0,0.0,0.0,0.0,0.0,0.0,25.0,1.0,0.0,100.0,1.0,1.0,1.0,20.0,0.0,20.0,0.0,0.0,20.0,0.0,0.0,0.0,0.0,20.0,214.0,2568.0
56,7100001312,RESIDUE SCRAP REFRACTORY DEBRIS/POWDE,,,MT,0.0,0.0,0.0,0.0,0.0,0.0,0.0,0.0,0.0,0.0,0.0,0.0,0.0,0.0,325.0,0.0,200.0,492.0,0.0,0.0,50.0,0.0,0.0,0.0,0.0,0.0,0.0,0.0,0.0,1067.0,12804.0
57,7100001366,USED SCREEN DECK - EN60,,,MT,0.0,0.0,0.0,0.0,0.0,0.0,0.0,0.0,0.0,0.0,0.0,0.5,0.416,0.0,0.0,0.0,0.0,0.0,0.0,0.0,15.0,0.0,0.0,0.0,0.0,0.0,0.0,0.0,0.0,15.916,190.992
58,7100001425,"SCRP,USED/SCRAPPED RO MEMBRANE",,,EA,0.0,0.0,0.0,50.0,0.0,0.0,0.0,600.0,560.0,0.0,0.0,0.0,0.0,4.0,0.0,0.0,1.0,30.0,40.0,0.0,20.0,0.0,60.0,10.0,0.0,0.0,0.0,0.0,0.0,1375.0,16500.0
59,7100001446,"SCRP,SCRAPPED PLASTIC TANK- 1000 LTR",,,EA,0.0,0.0,0.0,0.0,1.0,0.0,0.0,0.0,0.0,0.0,0.0,0.0,0.0,0.0,0.0,0.0,0.0,0.0,50.0,0.0,2.0,0.0,0.0,0.0,0.0,0.0,0.0,0.0,0.0,53.0,636.0
60,7100001477,SCRAPPED LIFTER BAR/LINERS,,,MT,0.0,0.0,0.5,3.0,0.0,0.1,0.0,0.0,0.0,0.0,0.0,0.1,0.0,0.0,0.0,0.0,0.0,0.0,1.0,0.0,3.0,0.0,0.0,0.0,0.0,0.0,0.0,0.0,0.0,7.7,92.4
61,7100001535,SCRAPPED MAGNESIA CHROME BRICKS,,,MT,0.0,0.0,0.0,0.0,0.0,0.0,0.0,0.0,0.0,0.0,0.0,0.0,0.0,0.0,0.0,0.0,0.1,100.8,85.0,0.0,20.0,0.0,0.0,0.0,0.0,0.0,0.0,0.0,0.0,205.9,2470.8
62,7100001925,"SCRP,RADIANT TB SCRP,NI- CR ALY",,,MT,0.0,0.0,0.0,0.0,0.0,0.0,0.0,0.0,0.0,0.0,0.0,0.0,0.0,0.0,0.0,0.0,0.01,0.01,50.0,0.0,2.0,0.0,0.0,0.0,0.0,0.0,0.0,0.0,0.0,52.02,624.24
63,7100001985,"SCRP,SCRAPPED/USED WSTE FLTR CLTH",,,MT,0.0,0.3,0.0,15.0,0.02,0.0,0.0,0.5,0.0,0.0,0.0,0.0,0.0,80.0,0.5,0.0,0.0,0.0,35.0,0.05,55.0,0.02,0.04,50.0,0.0,0.0,0.0,0.0,0.0,236.43,2837.16
64,7100002317,"SCRP,DRY ROT WD / WSTE WD",,,MT,0.0,1.0,0.0,0.0,0.0,0.0,0.0,0.0,0.0,0.0,0.0,0.5,0.0,0.0,0.0,0.01,0.01,0.01,0.0,0.0,55.0,0.0,0.0,0.0,0.0,0.0,0.0,0.0,0.0,56.53,678.36
65,7100002327,"SCRP,AMB EMPTY BTL,2.5 L,GLASS",,,EA,0.0,0.0,0.0,0.0,0.0,0.0,0.0,0.0,0.0,0.0,0.0,0.0,0.0,0.0,0.0,2.0,2.0,2.0,70.0,0.0,10.0,0.0,0.0,20.0,0.0,0.0,0.0,0.0,0.0,106.0,1272.0
66,7100002397,"SCRP,FRP SCRP",,,MT,0.0,0.01,0.0,0.0,0.0,0.001,0.0,0.0,0.0,0.0,0.0,0.0,0.0,0.0,0.0,0.01,0.01,0.01,5000.0,0.0,10.0,0.0,0.0,0.3,0.0,0.0,0.0,0.0,0.0,5010.341,60124.092
67,7100000041,OLD & USED ALUMINIUM CABLE SCRAP,,,MT,0.0,0.5,0.005,0.008,0.0,0.05,0.002,0.0,1.0,0.0,0.0,0.1,0.03,0.0,0.9,0.0,0.05,0.05,2500.0,0.5,0.5,0.15,0.12,0.2,0.0,0.0,0.1,0.003,0.0,2504.268,30051.216
68,7100000367,PVC CAN EMPTY ( OLD & USED),,,LTR,0.0,10.0,0.0,0.0,0.0,0.0,0.0,0.0,0.0,0.0,0.0,0.0,30.0,0.0,100.0,20.0,10.0,10.0,90.0,0.0,0.0,0.0,0.0,100.0,0.0,0.0,0.0,0.0,0.0,370.0,4440.0
69,7100000507,SCRAPPED SIX/SEVEN HOLE CHEQUER BRICKS,,,MT,0.0,0.0,0.0,0.0,0.0,0.0,0.0,0.0,0.0,0.0,0.0,0.0,0.0,0.0,0.0,0.0,0.0,0.0,24.0,0.0,0.0,0.0,0.0,0.0,0.0,0.0,0.0,0.0,0.0,24.0,288.0
70,7100001076,SCRAPPED WASTE PLASTIC,,,MT,0.0,0.05,0.0,0.0,0.01,0.001,0.0,0.2,0.0,0.0,0.0,10.0,0.0,0.0,0.0,0.1,0.1,0.1,4.0,0.0,0.0,0.0,0.0,0.1,0.0,0.0,0.0,0.0,0.0,14.660999999999998,175.93199999999996
71,7100001635,SCRAPPED/USED CONVEYOR BELT(BURNT/TORN),,,MT,0.0,0.3,0.5,0.0,0.0,0.01,0.0,0.0,0.0,0.0,0.0,0.5,0.0,0.0,0.0,0.1,0.1,0.1,36.0,0.0,0.0,0.0,0.0,0.0,0.0,0.0,0.0,0.0,0.0,37.61,451.32
72,7100000301,"COMPUTER SCRAP (MONITOR, CPU ETC.)",,,SET,0.0,0.0,0.0,0.0,0.0,1.0,0.0,0.0,5.0,0.0,0.0,2.0,4.0,0.0,5.0,0.0,1.0,2.0,0.0,5.0,0.0,0.0,0.0,3.0,0.0,0.0,0.0,0.0,0.0,28.0,336.0
73,7100000739,SCRAPPED SPM WORK ROLL,,,MT,0.0,0.0,0.0,0.0,0.0,0.0,0.0,0.0,0.0,0.0,0.0,0.0,0.0,0.0,0.0,0.0,0.0,0.0,0.0,0.0,0.0,0.0,0.0,0.0,0.0,0.0,0.0,0.0,0.0,0.0,0.0
74,7100001146,SCRAPPED ECL BACKUP ROLL,,,MT,0.0,0.0,0.0,0.0,0.0,0.0,0.0,0.0,0.0,0.0,0.0,0.0,0.0,0.0,0.0,0.0,0.0,0.0,0.0,0.0,0.0,0.0,0.0,0.0,0.0,0.0,0.0,0.0,0.0,0.0,0.0
75,7100001479,SCRAPPED / OLD HA BRICKS (UNUSED),,,MT,0.0,0.0,0.0,0.0,0.0,0.0,0.0,0.0,0.0,0.0,0.0,0.0,0.0,0.0,0.0,0.0,0.1,0.1,0.0,0.0,0.0,0.0,0.0,0.0,0.0,0.0,0.0,0.0,0.0,0.2,2.4000000000000004
76,7100000192,"SCRP,SCRAPPED EMPTY CEMENT BAGS (DAMAGED",,,MT,0.0,0.0,0.0,0.0,0.01,0.0,0.0,0.0,0.0,0.0,0.0,0.0,0.0,750.0,0.0,0.0,0.0,0.0,0.0,0.0,0.0,0.0,0.0,0.0,0.0,0.075,0.0,0.0,0.0,750.085,9001.02
77,7100000220,"SCRP,SCRAPPED BACKUP ROLL",,,MT,0.0,0.0,0.0,0.0,0.0,0.0,0.0,0.0,0.0,0.0,0.0,0.0,0.0,0.0,0.0,0.0,0.1,0.1,0.0,16.0,0.0,0.0,0.0,0.0,0.0,0.0,0.0,0.0,0.0,16.2,194.4
78,7100001215,"SCRP,OLD & USED SCRAP SLIDE PLATE",,,MT,0.0,0.0,0.0,0.0,0.0,0.0,0.0,0.0,0.0,0.0,0.0,0.0,0.0,0.0,0.0,0.0,0.1,18.5,0.0,0.1,0.0,0.0,0.0,0.0,0.0,0.0,0.0,0.0,0.0,18.700000000000003,224.40000000000003
79,7100001476,SCRAPPED/OLD ASC BRICKS (UNUSED),,,MT,0.0,0.0,0.0,0.0,0.0,0.0,0.0,0.0,0.0,0.0,0.0,0.0,0.0,0.0,0.0,0.0,1.0,25.0,0.0,0.0,0.0,0.0,0.0,0.0,0.0,0.0,0.0,0.0,0.0,26.0,312.0
80,7100002505,"SCRP,USED BAT OPRTD WALK BEHIND SCRUBBER",,,EA,0.0,0.0,0.0,0.0,0.0,1.0,0.0,0.0,0.0,0.0,0.0,0.0,0.0,0.0,0.0,0.0,0.0,0.0,0.0,0.0,0.0,0.0,0.0,0.0,0.0,0.0,0.0,0.0,0.0,1.0,12.0
81,7100002506,"SCRP,USED BAT OPRTD SWEEPER",,,EA,0.0,2.0,0.0,0.0,0.0,1.0,0.0,0.0,0.0,0.0,0.0,0.0,0.0,0.0,0.0,0.0,1.0,3.0,0.0,0.0,0.0,0.0,0.0,0.0,0.0,0.0,0.0,0.0,0.0,7.0,84.0
82,7100002661,F5-F7 ICDP work roll,Currently 63 rolls at site (483Tons) for disposal,swm_20260714161432_4fd5d443.PNG,MT,0.0,0.0,0.0,0.0,0.0,0.0,0.0,0.0,0.0,0.0,0.0,0.0,0.0,0.0,0.0,0.0,0.0,0.0,0.0,92.0,0.0,0.0,0.0,0.0,0.0,0.0,0.0,0.0,0.0,92.0,1104.0
83,7100002660,Semi HSS R2 WR,Currently 20 rolls (481 tons) for disposal,swm_20260714161555_37e17c4a.PNG,MT,0.0,0.0,0.0,0.0,0.0,0.0,0.0,0.0,0.0,0.0,0.0,0.0,0.0,0.0,0.0,0.0,0.0,0.0,0.0,14.0,0.0,0.0,0.0,0.0,0.0,0.0,0.0,0.0,0.0,14.0,168.0
84,7100002658,R1 Hi-crome work roll,3 rolls ( 84 tons) currently at site for disposal,swm_20260714161717_2064b9e3.PNG,MT,0.0,0.0,0.0,0.0,0.0,0.0,0.0,0.0,0.0,0.0,0.0,0.0,0.0,0.0,0.0,0.0,0.0,0.0,0.0,8.5,0.0,0.0,0.0,0.0,0.0,0.0,0.0,0.0,0.0,8.5,102.0
