image_name,area_code
1.05032026150558.jpg,0
1.05032026150604.jpg,0
1.05032026150604.jpg,0
1.05032026150617.jpg,0
1.05032026150628.jpg,0
5.06032026144926.jpg,0
5.06032026145026.jpg,0
5.06032026145126.jpg,0
5.06032026145226.jpg,0
5.06032026145326.jpg,0
5.06032026145926.jpg,0
5.06032026150026.jpg,0
5.06032026150126.jpg,0
5.06032026150226.jpg,0
5.06032026150326.jpg,0
5.06032026150426.jpg,0
5.06032026145426.jpg,0
5.06032026145526.jpg,0
5.06032026145626.jpg,0
5.06032026145726.jpg,0
5.06032026145826.jpg,0
21.06032026145156.jpg,0
21.06032026145256.jpg,0
21.06032026145356.jpg,0
21.06032026145656.jpg,0
21.06032026145756.jpg,0
21.06032026145856.jpg,0
21.06032026145956.jpg,0
21.06032026150056.jpg,0
21.06032026150156.jpg,0
21.06032026150656.jpg,0
21.06032026145456.jpg,0
21.06032026145556.jpg,0
21.06032026150256.jpg,0
21.06032026150356.jpg,0
21.06032026150456.jpg,0
21.06032026150556.jpg,0
37.06032026150110.jpg,0
37.06032026150210.jpg,0
37.06032026150310.jpg,0
37.06032026150410.jpg,0
37.06032026150510.jpg,0
37.06032026150610.jpg,0
37.06032026150710.jpg,0
37.06032026151510.jpg,0
37.06032026151610.jpg,0
37.06032026150810.jpg,0
37.06032026150910.jpg,0
37.06032026151010.jpg,0
37.06032026151110.jpg,0
37.06032026151210.jpg,0
37.06032026151310.jpg,0
37.06032026151410.jpg,0
53.06032026153151.jpg,0
53.06032026153251.jpg,0
53.06032026153551.jpg,0
53.06032026153751.jpg,0
53.06032026153851.jpg,0
53.06032026153951.jpg,0
53.06032026154451.jpg,0
53.06032026154551.jpg,0
53.06032026154651.jpg,0
53.06032026153351.jpg,0
53.06032026153451.jpg,0
53.06032026154051.jpg,0
53.06032026154151.jpg,0
53.06032026154251.jpg,0
53.06032026154351.jpg,0
68.06032026153318.jpg,0
68.06032026153418.jpg,0
68.06032026153718.jpg,0
68.06032026153818.jpg,0
68.06032026153918.jpg,0
68.06032026154018.jpg,0
68.06032026154118.jpg,0
68.06032026154218.jpg,0
68.06032026154918.jpg,0
68.06032026154718.jpg,0
68.06032026154618.jpg,0
68.06032026153518.jpg,0
68.06032026153618.jpg,0
68.06032026154318.jpg,0
68.06032026154418.jpg,0
68.06032026154518.jpg,0
84.06032026153733.jpg,0
84.06032026153833.jpg,0
84.06032026153933.jpg,0
84.06032026154033.jpg,0
84.06032026154533.jpg,0
84.06032026154633.jpg,0
84.06032026154733.jpg,0
84.06032026154833.jpg,0
84.06032026154933.jpg,0
84.06032026155033.jpg,0
84.06032026154133.jpg,0
84.06032026154233.jpg,0
84.06032026154333.jpg,0
84.06032026154433.jpg,0
98.06032026155659.jpg,0
98.06032026155759.jpg,0
98.06032026155859.jpg,0
98.06032026155959.jpg,0
98.06032026160559.jpg,0
98.06032026160759.jpg,0
98.06032026160859.jpg,0
98.06032026160959.jpg,0
98.06032026161059.jpg,0
98.06032026161159.jpg,0
98.06032026160059.jpg,0
98.06032026160159.jpg,0
98.06032026160259.jpg,0
98.06032026160359.jpg,0
98.06032026160459.jpg,0
98.06032026160659.jpg,0
98.06032026160659.jpg,0
114.06032026155821.jpg,0
114.06032026155921.jpg,0
114.06032026160021.jpg,0
114.06032026160121.jpg,0
114.06032026160221.jpg,0
114.06032026160321.jpg,0
114.06032026160421.jpg,0
114.06032026160521.jpg,0
114.06032026160621.jpg,0
114.06032026160721.jpg,0
114.06032026161321.jpg,0
114.06032026161421.jpg,0
114.06032026160821.jpg,0
114.06032026160921.jpg,0
114.06032026161021.jpg,0
114.06032026161121.jpg,0
114.06032026161221.jpg,0
131.14042026125733.jpg,0
131.14042026125833.jpg,0
131.14042026125933.jpg,0
131.14042026130033.jpg,0
131.14042026130233.jpg,0
